trim,educ,posicao_inicial,posicao_final,transition
2012_1,1,1,1,0.8207969790092712
2012_1,1,1,2,0.11403873133124535
2012_1,1,1,3,0.046272582873804646
2012_1,1,1,4,0.018891706785678822
2012_1,1,2,1,0.09203550474494977
2012_1,1,2,2,0.7411650846742759
2012_1,1,2,3,0.13222982961986568
2012_1,1,2,4,0.03456958096090863
2012_1,1,3,1,0.012353134023413665
2012_1,1,3,2,0.05134491040222873
2012_1,1,3,3,0.9176488482741161
2012_1,1,3,4,0.018653107300241514
2012_1,1,4,1,0.10754418474871288
2012_1,1,4,2,0.22124228399429138
2012_1,1,4,3,0.3673181908314521
2012_1,1,4,4,0.30389534042554356
2012_2,1,1,1,0.8412491230929657
2012_2,1,1,2,0.10064973810368306
2012_2,1,1,3,0.04254179088129989
2012_2,1,1,4,0.015559347922051318
2012_2,1,2,1,0.0953580501982073
2012_2,1,2,2,0.7546547610589607
2012_2,1,2,3,0.12190824736315821
2012_2,1,2,4,0.028078941379673827
2012_2,1,3,1,0.008893005710369627
2012_2,1,3,2,0.042634808336591466
2012_2,1,3,3,0.9312063239263744
2012_2,1,3,4,0.017265862026664497
2012_2,1,4,1,0.09717478110677469
2012_2,1,4,2,0.23989483783471313
2012_2,1,4,3,0.33616560879976815
2012_2,1,4,4,0.326764772258744
2012_3,1,1,1,0.8341375818528067
2012_3,1,1,2,0.1036196238161918
2012_3,1,1,3,0.04143074181914582
2012_3,1,1,4,0.020812052511855663
2012_3,1,2,1,0.08598406214488757
2012_3,1,2,2,0.7682762449359843
2012_3,1,2,3,0.1174086894641488
2012_3,1,2,4,0.02833100345497933
2012_3,1,3,1,0.009040015380234277
2012_3,1,3,2,0.04324738364300485
2012_3,1,3,3,0.9297264481632392
2012_3,1,3,4,0.017986152813521658
2012_3,1,4,1,0.09349865549938229
2012_3,1,4,2,0.22219688374428787
2012_3,1,4,3,0.3332674391222444
2012_3,1,4,4,0.35103702163408546
2012_4,1,1,1,0.8263168994220913
2012_4,1,1,2,0.10760528988165877
2012_4,1,1,3,0.045122609069316075
2012_4,1,1,4,0.02095520162693383
2012_4,1,2,1,0.08737448400964513
2012_4,1,2,2,0.7507401471227904
2012_4,1,2,3,0.12741530195210243
2012_4,1,2,4,0.034470066915462054
2012_4,1,3,1,0.00826258751363458
2012_4,1,3,2,0.0414719530054204
2012_4,1,3,3,0.9296279716068585
2012_4,1,3,4,0.020637487874086535
2012_4,1,4,1,0.09111009403654806
2012_4,1,4,2,0.2182459163424842
2012_4,1,4,3,0.35133935766296515
2012_4,1,4,4,0.3393046319580026
2013_1,1,1,1,0.8261298763008854
2013_1,1,1,2,0.11125253072014152
2013_1,1,1,3,0.04182615692011166
2013_1,1,1,4,0.020791436058861402
2013_1,1,2,1,0.09885208036201436
2013_1,1,2,2,0.7473270996235334
2013_1,1,2,3,0.12318540730593261
2013_1,1,2,4,0.030635412708519664
2013_1,1,3,1,0.010611163763795223
2013_1,1,3,2,0.04684828728781141
2013_1,1,3,3,0.9231743976540222
2013_1,1,3,4,0.019366151294371158
2013_1,1,4,1,0.10667888398889275
2013_1,1,4,2,0.2564209562547375
2013_1,1,4,3,0.3460215660939415
2013_1,1,4,4,0.2908785936624282
2013_2,1,1,1,0.8267794233496049
2013_2,1,1,2,0.11794684171787181
2013_2,1,1,3,0.03991180907311849
2013_2,1,1,4,0.015361925859404818
2013_2,1,2,1,0.10352633148619007
2013_2,1,2,2,0.7351095643987965
2013_2,1,2,3,0.13502450361953858
2013_2,1,2,4,0.026339600495474857
2013_2,1,3,1,0.009828538178501215
2013_2,1,3,2,0.045703160367225285
2013_2,1,3,3,0.9281561599287828
2013_2,1,3,4,0.016312141525490743
2013_2,1,4,1,0.10554180911430527
2013_2,1,4,2,0.2365139160766648
2013_2,1,4,3,0.3576066112461213
2013_2,1,4,4,0.30033766356290864
2013_3,1,1,1,0.8258950415677331
2013_3,1,1,2,0.1164456021103271
2013_3,1,1,3,0.04249644916167045
2013_3,1,1,4,0.015162907160269381
2013_3,1,2,1,0.09973254839761901
2013_3,1,2,2,0.7530556166165023
2013_3,1,2,3,0.12243339971450339
2013_3,1,2,4,0.02477843527137531
2013_3,1,3,1,0.00949428773917626
2013_3,1,3,2,0.04592478168550771
2013_3,1,3,3,0.9298155539475292
2013_3,1,3,4,0.014765376627786833
2013_3,1,4,1,0.08764157164218142
2013_3,1,4,2,0.2562597920048982
2013_3,1,4,3,0.3664542232690858
2013_3,1,4,4,0.2896444130838346
2013_4,1,1,1,0.8180284344673572
2013_4,1,1,2,0.11497167782981653
2013_4,1,1,3,0.049391318335933396
2013_4,1,1,4,0.01760856936689285
2013_4,1,2,1,0.09842488650119782
2013_4,1,2,2,0.7364625461851791
2013_4,1,2,3,0.13387281680247828
2013_4,1,2,4,0.031239750511144714
2013_4,1,3,1,0.009287556338602745
2013_4,1,3,2,0.0434283479551978
2013_4,1,3,3,0.9290692691620475
2013_4,1,3,4,0.018214826544152
2013_4,1,4,1,0.09369672768318899
2013_4,1,4,2,0.2256354951024777
2013_4,1,4,3,0.38153048084098184
2013_4,1,4,4,0.29913729637335146
2014_1,1,1,1,0.82075905931981
2014_1,1,1,2,0.11353422575097416
2014_1,1,1,3,0.04801392931803396
2014_1,1,1,4,0.017692785611181903
2014_1,1,2,1,0.10101584323138096
2014_1,1,2,2,0.7468895411639166
2014_1,1,2,3,0.12330725563057483
2014_1,1,2,4,0.02878735997412759
2014_1,1,3,1,0.009457084673694343
2014_1,1,3,2,0.044885603821529015
2014_1,1,3,3,0.9295408587742227
2014_1,1,3,4,0.016116452730553968
2014_1,1,4,1,0.1214365398064729
2014_1,1,4,2,0.2410445697534305
2014_1,1,4,3,0.35535620814452534
2014_1,1,4,4,0.28216268229557123
2014_2,1,1,1,0.8279412541927472
2014_2,1,1,2,0.11138461040934423
2014_2,1,1,3,0.04236075505350878
2014_2,1,1,4,0.018313380344399766
2014_2,1,2,1,0.1008240158531487
2014_2,1,2,2,0.7512057366200168
2014_2,1,2,3,0.12027785661077171
2014_2,1,2,4,0.027692390916062782
2014_2,1,3,1,0.008875477230576696
2014_2,1,3,2,0.04083625947150025
2014_2,1,3,3,0.9332771828536186
2014_2,1,3,4,0.017011080444304463
2014_2,1,4,1,0.1128464734384915
2014_2,1,4,2,0.24554628250185292
2014_2,1,4,3,0.3352934758749663
2014_2,1,4,4,0.3063137681846893
2014_3,1,1,1,0.8323755894888999
2014_3,1,1,2,0.10681073614444557
2014_3,1,1,3,0.04367101214304235
2014_3,1,1,4,0.017142662223612205
2014_3,1,2,1,0.10092023469853635
2014_3,1,2,2,0.7526576653392721
2014_3,1,2,3,0.12054188367655902
2014_3,1,2,4,0.025880216285632522
2014_3,1,3,1,0.00990754633858093
2014_3,1,3,2,0.040852970872081264
2014_3,1,3,3,0.9315209236555773
2014_3,1,3,4,0.017718559133760553
2014_3,1,4,1,0.09076245917714447
2014_3,1,4,2,0.2610625867541617
2014_3,1,4,3,0.32613031298126516
2014_3,1,4,4,0.32204464108742864
2014_4,1,1,1,0.8203580964871948
2014_4,1,1,2,0.1114057580948587
2014_4,1,1,3,0.04777067725592239
2014_4,1,1,4,0.020465468162024072
2014_4,1,2,1,0.10048198750834507
2014_4,1,2,2,0.7387945086666753
2014_4,1,2,3,0.12706952587731227
2014_4,1,2,4,0.03365397794766734
2014_4,1,3,1,0.008549641329122086
2014_4,1,3,2,0.04050575819283302
2014_4,1,3,3,0.9334390557103642
2014_4,1,3,4,0.017505544767680698
2014_4,1,4,1,0.07243565647287308
2014_4,1,4,2,0.2564846815532889
2014_4,1,4,3,0.36352228211700244
2014_4,1,4,4,0.30755737985683557
2015_1,1,1,1,0.8279084990169819
2015_1,1,1,2,0.10820631502226732
2015_1,1,1,3,0.03851921566150992
2015_1,1,1,4,0.025365970299240863
2015_1,1,2,1,0.09835679643291581
2015_1,1,2,2,0.7446908766474499
2015_1,1,2,3,0.11968023911279435
2015_1,1,2,4,0.03727208780683995
2015_1,1,3,1,0.00900630051112013
2015_1,1,3,2,0.039189247693902675
2015_1,1,3,3,0.9328227084602589
2015_1,1,3,4,0.01898174333471827
2015_1,1,4,1,0.08719401260138311
2015_1,1,4,2,0.23800920827474165
2015_1,1,4,3,0.32982016747699333
2015_1,1,4,4,0.3449766116468819
2015_2,1,1,1,0.8313202196830153
2015_2,1,1,2,0.10522226027465482
2015_2,1,1,3,0.040801407371324025
2015_2,1,1,4,0.022656112671005903
2015_2,1,2,1,0.09453848699268264
2015_2,1,2,2,0.7519782669424426
2015_2,1,2,3,0.11238407688073819
2015_2,1,2,4,0.04109916918413655
2015_2,1,3,1,0.008190071106641121
2015_2,1,3,2,0.036450658447818994
2015_2,1,3,3,0.9358973221300203
2015_2,1,3,4,0.019461948315519586
2015_2,1,4,1,0.08307683506305599
2015_2,1,4,2,0.2228407353016803
2015_2,1,4,3,0.3019563066637331
2015_2,1,4,4,0.3921261229715306
2015_3,1,1,1,0.8121257659076278
2015_3,1,1,2,0.11565916300194759
2015_3,1,1,3,0.04864503618656586
2015_3,1,1,4,0.023570034903858825
2015_3,1,2,1,0.11003569958680318
2015_3,1,2,2,0.7081612388189784
2015_3,1,2,3,0.14236246748069117
2015_3,1,2,4,0.03944059411352729
2015_3,1,3,1,0.008272822615007506
2015_3,1,3,2,0.038917354821899765
2015_3,1,3,3,0.930398683339332
2015_3,1,3,4,0.022411139223760746
2015_3,1,4,1,0.08712490292256755
2015_3,1,4,2,0.24069085572163945
2015_3,1,4,3,0.3358552625452471
2015_3,1,4,4,0.33632897881054585
2015_4,1,1,1,0.8024973388874795
2015_4,1,1,2,0.12756617595787284
2015_4,1,1,3,0.04699898562334653
2015_4,1,1,4,0.022937499531301062
2015_4,1,2,1,0.10245048705257521
2015_4,1,2,2,0.7164142498298152
2015_4,1,2,3,0.13366937492656714
2015_4,1,2,4,0.04746588819104248
2015_4,1,3,1,0.008066333526242512
2015_4,1,3,2,0.04147749463918094
2015_4,1,3,3,0.9252656132192699
2015_4,1,3,4,0.02519055861530657
2015_4,1,4,1,0.07590472725328648
2015_4,1,4,2,0.19491105683543225
2015_4,1,4,3,0.34907963557402466
2015_4,1,4,4,0.38010458033725664
2016_1,1,1,1,0.8138881012005741
2016_1,1,1,2,0.11815438935268656
2016_1,1,1,3,0.045239668742496825
2016_1,1,1,4,0.022717840704242504
2016_1,1,2,1,0.10913015283152384
2016_1,1,2,2,0.7054217460272889
2016_1,1,2,3,0.13897256204130165
2016_1,1,2,4,0.04647553909988562
2016_1,1,3,1,0.008322829002114186
2016_1,1,3,2,0.04299398834201128
2016_1,1,3,3,0.9221872128227395
2016_1,1,3,4,0.02649596983313503
2016_1,1,4,1,0.0703453217896972
2016_1,1,4,2,0.21905496789517
2016_1,1,4,3,0.3363641310397508
2016_1,1,4,4,0.3742355792753819
2016_2,1,1,1,0.8176123833972275
2016_2,1,1,2,0.11634088257307344
2016_2,1,1,3,0.04407303430683688
2016_2,1,1,4,0.02197369972286213
2016_2,1,2,1,0.10483688720849989
2016_2,1,2,2,0.7035808199571371
2016_2,1,2,3,0.14085499611119562
2016_2,1,2,4,0.05072729672316744
2016_2,1,3,1,0.008271248721816104
2016_2,1,3,2,0.03750609361031867
2016_2,1,3,3,0.9271765235616183
2016_2,1,3,4,0.02704613410624698
2016_2,1,4,1,0.0660557035835568
2016_2,1,4,2,0.1940240360846254
2016_2,1,4,3,0.3500862804859051
2016_2,1,4,4,0.3898339798459127
2016_3,1,1,1,0.815451830619736
2016_3,1,1,2,0.11511136079135988
2016_3,1,1,3,0.045194500991527456
2016_3,1,1,4,0.024242307597376597
2016_3,1,2,1,0.09711145540752747
2016_3,1,2,2,0.7183299387495269
2016_3,1,2,3,0.1325948162868664
2016_3,1,2,4,0.051963789556079255
2016_3,1,3,1,0.007912753384731361
2016_3,1,3,2,0.03618716035521788
2016_3,1,3,3,0.928536074220832
2016_3,1,3,4,0.027364012039218854
2016_3,1,4,1,0.06508671758634968
2016_3,1,4,2,0.18775351948377578
2016_3,1,4,3,0.31986824257176016
2016_3,1,4,4,0.4272915203581144
2016_4,1,1,1,0.8147937179803908
2016_4,1,1,2,0.11510460232726415
2016_4,1,1,3,0.04784329417547362
2016_4,1,1,4,0.022258385516871423
2016_4,1,2,1,0.10023513324011202
2016_4,1,2,2,0.7043199200910496
2016_4,1,2,3,0.13482923527275587
2016_4,1,2,4,0.06061571139608251
2016_4,1,3,1,0.006960499009945048
2016_4,1,3,2,0.03469339002967345
2016_4,1,3,3,0.9286984529635237
2016_4,1,3,4,0.0296476579968578
2016_4,1,4,1,0.05542014526424423
2016_4,1,4,2,0.18910256776442166
2016_4,1,4,3,0.32249747779947346
2016_4,1,4,4,0.43297980917186063
2017_1,1,1,1,0.8253261218778752
2017_1,1,1,2,0.10686086176478869
2017_1,1,1,3,0.04442678885636515
2017_1,1,1,4,0.023386227500970885
2017_1,1,2,1,0.09894043674198534
2017_1,1,2,2,0.7231807038826159
2017_1,1,2,3,0.12547971968292246
2017_1,1,2,4,0.05239913969247624
2017_1,1,3,1,0.008138810636306209
2017_1,1,3,2,0.03738199009428107
2017_1,1,3,3,0.9253119961709314
2017_1,1,3,4,0.029167203098481257
2017_1,1,4,1,0.05777077125150353
2017_1,1,4,2,0.1952446277120819
2017_1,1,4,3,0.31445608847280765
2017_1,1,4,4,0.43252851256360697
2017_2,1,1,1,0.8238870311107325
2017_2,1,1,2,0.11418115467872303
2017_2,1,1,3,0.03921038508801766
2017_2,1,1,4,0.022721429122526813
2017_2,1,2,1,0.10349875263238721
2017_2,1,2,2,0.7183662039628984
2017_2,1,2,3,0.12397434892933629
2017_2,1,2,4,0.05416069447537814
2017_2,1,3,1,0.0073480908105320744
2017_2,1,3,2,0.038849498698546724
2017_2,1,3,3,0.9257238444321735
2017_2,1,3,4,0.02807856605874769
2017_2,1,4,1,0.06188423344632203
2017_2,1,4,2,0.20582027440075262
2017_2,1,4,3,0.3183795830733283
2017_2,1,4,4,0.413915909079597
2017_3,1,1,1,0.8228366546151271
2017_3,1,1,2,0.11255355288433054
2017_3,1,1,3,0.0426296854211915
2017_3,1,1,4,0.021980107079350802
2017_3,1,2,1,0.09888222172860735
2017_3,1,2,2,0.7274535773930503
2017_3,1,2,3,0.12280897470474268
2017_3,1,2,4,0.05085522617359964
2017_3,1,3,1,0.006336941976499499
2017_3,1,3,2,0.03625565397034117
2017_3,1,3,3,0.9297116238752284
2017_3,1,3,4,0.027695780177930875
2017_3,1,4,1,0.056944346261084064
2017_3,1,4,2,0.19964790297294652
2017_3,1,4,3,0.3423637185564645
2017_3,1,4,4,0.40104403220950485
2017_4,1,1,1,0.8243332820057088
2017_4,1,1,2,0.10881787678169036
2017_4,1,1,3,0.04085205916818258
2017_4,1,1,4,0.025996782044418285
2017_4,1,2,1,0.09291786402378743
2017_4,1,2,2,0.72159294560145
2017_4,1,2,3,0.13029365568681295
2017_4,1,2,4,0.05519553468794963
2017_4,1,3,1,0.0063170978748972656
2017_4,1,3,2,0.035193534418623405
2017_4,1,3,3,0.9299374935003991
2017_4,1,3,4,0.028551874206080196
2017_4,1,4,1,0.04647644557481086
2017_4,1,4,2,0.17575493534161443
2017_4,1,4,3,0.3265084603318408
2017_4,1,4,4,0.4512601587517339
2018_1,1,1,1,0.8369567358757974
2018_1,1,1,2,0.10610609628428515
2018_1,1,1,3,0.03685679452688817
2018_1,1,1,4,0.02008037331302923
2018_1,1,2,1,0.0970438916142262
2018_1,1,2,2,0.716363834966106
2018_1,1,2,3,0.13128788635904423
2018_1,1,2,4,0.05530438706062361
2018_1,1,3,1,0.007145692007807669
2018_1,1,3,2,0.03472753448015266
2018_1,1,3,3,0.9311679232969785
2018_1,1,3,4,0.026958850215061114
2018_1,1,4,1,0.05602432937586362
2018_1,1,4,2,0.19109394031886903
2018_1,1,4,3,0.3170034761053704
2018_1,1,4,4,0.43587825419989695
2018_2,1,1,1,0.8378936866009422
2018_2,1,1,2,0.10719409852896315
2018_2,1,1,3,0.03703221436344726
2018_2,1,1,4,0.017880000506647405
2018_2,1,2,1,0.09116610279244208
2018_2,1,2,2,0.7498838154861478
2018_2,1,2,3,0.11208712924884905
2018_2,1,2,4,0.046862952472561066
2018_2,1,3,1,0.006997605345895261
2018_2,1,3,2,0.03801719414823505
2018_2,1,3,3,0.927536505746542
2018_2,1,3,4,0.02744869475932768
2018_2,1,4,1,0.05478220096984347
2018_2,1,4,2,0.20443562882511201
2018_2,1,4,3,0.32338437094809963
2018_2,1,4,4,0.41739779925694487
2018_3,1,1,1,0.8277818440289847
2018_3,1,1,2,0.11470978758141848
2018_3,1,1,3,0.040882545956628366
2018_3,1,1,4,0.01662582243296843
2018_3,1,2,1,0.09392934509101472
2018_3,1,2,2,0.7305313558037575
2018_3,1,2,3,0.12573883317125445
2018_3,1,2,4,0.04980046593397331
2018_3,1,3,1,0.006517238868160839
2018_3,1,3,2,0.034222323159254484
2018_3,1,3,3,0.931674753019891
2018_3,1,3,4,0.02758568495269369
2018_3,1,4,1,0.05914923536281296
2018_3,1,4,2,0.19030391206796107
2018_3,1,4,3,0.3206979852294399
2018_3,1,4,4,0.42984886733978606
2018_4,1,1,1,0.8247239967334281
2018_4,1,1,2,0.11250550718407976
2018_4,1,1,3,0.04326546190022338
2018_4,1,1,4,0.019505034182268774
2018_4,1,2,1,0.09530160749768167
2018_4,1,2,2,0.7147480621561285
2018_4,1,2,3,0.1345531023800712
2018_4,1,2,4,0.05539722796611858
2018_4,1,3,1,0.006323560464293972
2018_4,1,3,2,0.033435184669548486
2018_4,1,3,3,0.9331759830420684
2018_4,1,3,4,0.027065271824089132
2018_4,1,4,1,0.042019384328421124
2018_4,1,4,2,0.17511660951042504
2018_4,1,4,3,0.34148403009190936
2018_4,1,4,4,0.4413799760692445
2019_1,1,1,1,0.8164901774392711
2019_1,1,1,2,0.1217437848340816
2019_1,1,1,3,0.040090150054868344
2019_1,1,1,4,0.021675887671778995
2019_1,1,2,1,0.09567327686799976
2019_1,1,2,2,0.7345268671942974
2019_1,1,2,3,0.1240182954322244
2019_1,1,2,4,0.045781560505478436
2019_1,1,3,1,0.007285820001996578
2019_1,1,3,2,0.03880431466243498
2019_1,1,3,3,0.9277712943893729
2019_1,1,3,4,0.026138570946195556
2019_1,1,4,1,0.0495895745059169
2019_1,1,4,2,0.20768122211720538
2019_1,1,4,3,0.3280674657055963
2019_1,1,4,4,0.4146617376712814
2019_2,1,1,1,0.8214163222934795
2019_2,1,1,2,0.12056008171716122
2019_2,1,1,3,0.037689034915975236
2019_2,1,1,4,0.020334561073384015
2019_2,1,2,1,0.09234462281462044
2019_2,1,2,2,0.7340134684540808
2019_2,1,2,3,0.1198038094368735
2019_2,1,2,4,0.05383809929442533
2019_2,1,3,1,0.006836772246023413
2019_2,1,3,2,0.03593417383754849
2019_2,1,3,3,0.9278104082951995
2019_2,1,3,4,0.02941864562122869
2019_2,1,4,1,0.06258282339125423
2019_2,1,4,2,0.2017948307563734
2019_2,1,4,3,0.33506968841482565
2019_2,1,4,4,0.40055265743754676
2019_3,1,1,1,0.8297477057250129
2019_3,1,1,2,0.11497132049383098
2019_3,1,1,3,0.037451359716611364
2019_3,1,1,4,0.01782961406454478
2019_3,1,2,1,0.09446293502065997
2019_3,1,2,2,0.7315485596638472
2019_3,1,2,3,0.1275489137246501
2019_3,1,2,4,0.046439591590842724
2019_3,1,3,1,0.0049688233443468
2019_3,1,3,2,0.03140937307056432
2019_3,1,3,3,0.9385260134289927
2019_3,1,3,4,0.025095790156096233
2019_3,1,4,1,0.0549598302805954
2019_3,1,4,2,0.18941260244112437
2019_3,1,4,3,0.36271351491713916
2019_3,1,4,4,0.3929140523611411
2019_4,1,1,1,0.8180381138998885
2019_4,1,1,2,0.11254131437465514
2019_4,1,1,3,0.04740926721947898
2019_4,1,1,4,0.022011304505977415
2019_4,1,2,1,0.08977973755912076
2019_4,1,2,2,0.7184000052096734
2019_4,1,2,3,0.1396099940569028
2019_4,1,2,4,0.05221026317430308
2019_4,1,3,1,0.004898434930729359
2019_4,1,3,2,0.030687625188225813
2019_4,1,3,3,0.938915238907338
2019_4,1,3,4,0.0254987009737069
2019_4,1,4,1,0.05189169427768798
2019_4,1,4,2,0.17866525828695737
2019_4,1,4,3,0.3519276424215764
2019_4,1,4,4,0.4175154050137782
2020_1,1,1,1,0.8730961445591993
2020_1,1,1,2,0.03134702593397315
2020_1,1,1,3,0.06813944276423571
2020_1,1,1,4,0.027417386742591924
2020_1,1,2,1,0.028202419168126092
2020_1,1,2,2,0.7478119076922233
2020_1,1,2,3,0.1662472779360147
2020_1,1,2,4,0.0577383952036359
2020_1,1,3,1,0.0021495581575108184
2020_1,1,3,2,0.009669054213004992
2020_1,1,3,3,0.9770725878763725
2020_1,1,3,4,0.01110879975311169
2020_1,1,4,1,0.022988641111933175
2020_1,1,4,2,0.0715967798275169
2020_1,1,4,3,0.2980394387086847
2020_1,1,4,4,0.6073751403518652
2020_2,1,1,1,0.9354025439892578
2020_2,1,1,2,0.027790051074422808
2020_2,1,1,3,0.02331212053068838
2020_2,1,1,4,0.013495284405631006
2020_2,1,2,1,0.02391739774875379
2020_2,1,2,2,0.8668768847434483
2020_2,1,2,3,0.07485246793192821
2020_2,1,2,4,0.03435324957586976
2020_2,1,3,1,0.004327584411819044
2020_2,1,3,2,0.021262647019469626
2020_2,1,3,3,0.9543818337119704
2020_2,1,3,4,0.02002793485674093
2020_2,1,4,1,0.03014246420878369
2020_2,1,4,2,0.09299052737406033
2020_2,1,4,3,0.1559064267077751
2020_2,1,4,4,0.7209605817093808
2020_3,1,1,1,0.947216932772568
2020_3,1,1,2,0.023124795316387774
2020_3,1,1,3,0.020009994399475664
2020_3,1,1,4,0.009648277511568519
2020_3,1,2,1,0.023471419887058996
2020_3,1,2,2,0.901178891532037
2020_3,1,2,3,0.05220566333737092
2020_3,1,2,4,0.023144025243533095
2020_3,1,3,1,0.004992481328111226
2020_3,1,3,2,0.017758424576868503
2020_3,1,3,3,0.960397334640855
2020_3,1,3,4,0.016851759454165324
2020_3,1,4,1,0.03069615561288199
2020_3,1,4,2,0.10698441691126546
2020_3,1,4,3,0.1408547807620489
2020_3,1,4,4,0.7214646467138036
2020_4,1,1,1,0.9340717293016235
2020_4,1,1,2,0.027988862049603998
2020_4,1,1,3,0.024020924046549142
2020_4,1,1,4,0.013918484602223356
2020_4,1,2,1,0.02841114639894408
2020_4,1,2,2,0.8794307269356602
2020_4,1,2,3,0.05686473536658243
2020_4,1,2,4,0.035293391298813336
2020_4,1,3,1,0.0026665844294137962
2020_4,1,3,2,0.012763898453981303
2020_4,1,3,3,0.9691515189064992
2020_4,1,3,4,0.015417998210105663
2020_4,1,4,1,0.03115669223280139
2020_4,1,4,2,0.0794865471928898
2020_4,1,4,3,0.11580737699370004
2020_4,1,4,4,0.7735493835806088
2021_1,1,1,1,0.9476340516420623
2021_1,1,1,2,0.020070050035350454
2021_1,1,1,3,0.01497013691958683
2021_1,1,1,4,0.017325761403000423
2021_1,1,2,1,0.02477169688201906
2021_1,1,2,2,0.8910649162018952
2021_1,1,2,3,0.05003478052321748
2021_1,1,2,4,0.03412860639286827
2021_1,1,3,1,0.0034481922433871673
2021_1,1,3,2,0.011134919670423557
2021_1,1,3,3,0.9700175127874902
2021_1,1,3,4,0.015399375298699133
2021_1,1,4,1,0.0342466418887292
2021_1,1,4,2,0.0723755223563154
2021_1,1,4,3,0.10985309630207783
2021_1,1,4,4,0.7835247394528776
2021_2,1,1,1,0.9419113144810143
2021_2,1,1,2,0.02742685476462427
2021_2,1,1,3,0.02455965819908548
2021_2,1,1,4,0.006102172555275919
2021_2,1,2,1,0.027568710449411143
2021_2,1,2,2,0.9088973830701536
2021_2,1,2,3,0.04288104104161181
2021_2,1,2,4,0.020652865438823463
2021_2,1,3,1,0.0035391196296522677
2021_2,1,3,2,0.013741137724606082
2021_2,1,3,3,0.9697185183045686
2021_2,1,3,4,0.013001224341173111
2021_2,1,4,1,0.039604212831417414
2021_2,1,4,2,0.09601039534969834
2021_2,1,4,3,0.13102702492665727
2021_2,1,4,4,0.733358366892227
2021_3,1,1,1,NA
2021_3,1,1,2,NA
2021_3,1,1,3,NA
2021_3,1,1,4,NA
2021_3,1,2,1,NA
2021_3,1,2,2,NA
2021_3,1,2,3,NA
2021_3,1,2,4,NA
2021_3,1,3,1,NA
2021_3,1,3,2,NA
2021_3,1,3,3,NA
2021_3,1,3,4,NA
2021_3,1,4,1,NA
2021_3,1,4,2,NA
2021_3,1,4,3,NA
2021_3,1,4,4,NA
2012_1,2,1,1,0.8530410976100284
2012_1,2,1,2,0.07525904515463523
2012_1,2,1,3,0.045319830464824414
2012_1,2,1,4,0.026380026770511964
2012_1,2,2,1,0.14246308112595255
2012_1,2,2,2,0.7016246259499613
2012_1,2,2,3,0.11693791285256855
2012_1,2,2,4,0.03897438007151758
2012_1,2,3,1,0.022807336678000282
2012_1,2,3,2,0.047424054928238826
2012_1,2,3,3,0.8782275021892886
2012_1,2,3,4,0.05154110620447232
2012_1,2,4,1,0.13055375145189949
2012_1,2,4,2,0.14040504267027923
2012_1,2,4,3,0.3445882257676603
2012_1,2,4,4,0.384452980110161
2012_2,2,1,1,0.8690887992260999
2012_2,2,1,2,0.07137975119765835
2012_2,2,1,3,0.03582797230970695
2012_2,2,1,4,0.023703477266534774
2012_2,2,2,1,0.1405661932649931
2012_2,2,2,2,0.7168321263799603
2012_2,2,2,3,0.10602502771549166
2012_2,2,2,4,0.03657665263955494
2012_2,2,3,1,0.02003819052651802
2012_2,2,3,2,0.04708925321342997
2012_2,2,3,3,0.8838614113720705
2012_2,2,3,4,0.04901114488798146
2012_2,2,4,1,0.1139891617976786
2012_2,2,4,2,0.13760448060454572
2012_2,2,4,3,0.3488997048277273
2012_2,2,4,4,0.3995066527700484
2012_3,2,1,1,0.8602195054384499
2012_3,2,1,2,0.07650605646499015
2012_3,2,1,3,0.038698032596911514
2012_3,2,1,4,0.024576405499648356
2012_3,2,2,1,0.13637042738069538
2012_3,2,2,2,0.7180917670033297
2012_3,2,2,3,0.10812844833561912
2012_3,2,2,4,0.03740935728035579
2012_3,2,3,1,0.02015136483600061
2012_3,2,3,2,0.04723623704019659
2012_3,2,3,3,0.8839121581144735
2012_3,2,3,4,0.04870024000932927
2012_3,2,4,1,0.11755962639973906
2012_3,2,4,2,0.14268890631658926
2012_3,2,4,3,0.3779851935241666
2012_3,2,4,4,0.3617662737595051
2012_4,2,1,1,0.8463771271345664
2012_4,2,1,2,0.08361819179046916
2012_4,2,1,3,0.04280485528682347
2012_4,2,1,4,0.027199825788140966
2012_4,2,2,1,0.14883083734433922
2012_4,2,2,2,0.6779823675112321
2012_4,2,2,3,0.11358632449237258
2012_4,2,2,4,0.05960047065205617
2012_4,2,3,1,0.023044444880187046
2012_4,2,3,2,0.04464897888563208
2012_4,2,3,3,0.8760138768976583
2012_4,2,3,4,0.056292699336522575
2012_4,2,4,1,0.12009248348637062
2012_4,2,4,2,0.13600060393377744
2012_4,2,4,3,0.38281665470988036
2012_4,2,4,4,0.36109025786997156
2013_1,2,1,1,0.8419003959445224
2013_1,2,1,2,0.08780538556967596
2013_1,2,1,3,0.041459626426850776
2013_1,2,1,4,0.028834592058950916
2013_1,2,2,1,0.15408208238270915
2013_1,2,2,2,0.6886696902796331
2013_1,2,2,3,0.11074387414763814
2013_1,2,2,4,0.04650435319001963
2013_1,2,3,1,0.022416493667929877
2013_1,2,3,2,0.048970059401708364
2013_1,2,3,3,0.8836649489460442
2013_1,2,3,4,0.04494849798431753
2013_1,2,4,1,0.1212871744456748
2013_1,2,4,2,0.14585142169426163
2013_1,2,4,3,0.3814718474762931
2013_1,2,4,4,0.35138955638377045
2013_2,2,1,1,0.8338754227881793
2013_2,2,1,2,0.09340584982074
2013_2,2,1,3,0.0453911876177779
2013_2,2,1,4,0.027327539773302798
2013_2,2,2,1,0.1565716167091909
2013_2,2,2,2,0.6886838265012839
2013_2,2,2,3,0.11488071165089414
2013_2,2,2,4,0.03986384513863108
2013_2,2,3,1,0.023291359293831505
2013_2,2,3,2,0.045460774807322094
2013_2,2,3,3,0.8806466661545111
2013_2,2,3,4,0.050601199744335246
2013_2,2,4,1,0.11405665614364638
2013_2,2,4,2,0.17452275229074118
2013_2,2,4,3,0.35487287210433305
2013_2,2,4,4,0.3565477194612794
2013_3,2,1,1,0.8462065557744641
2013_3,2,1,2,0.09349023110384325
2013_3,2,1,3,0.03899547799431188
2013_3,2,1,4,0.02130773512738078
2013_3,2,2,1,0.15477072797089353
2013_3,2,2,2,0.6945327240961219
2013_3,2,2,3,0.11429743672065339
2013_3,2,2,4,0.03639911121233117
2013_3,2,3,1,0.024765503782712323
2013_3,2,3,2,0.047466029640253225
2013_3,2,3,3,0.8871269510721923
2013_3,2,3,4,0.04064151550484219
2013_3,2,4,1,0.12798420630700585
2013_3,2,4,2,0.1596852618122605
2013_3,2,4,3,0.3973330590856141
2013_3,2,4,4,0.3149974727951195
2013_4,2,1,1,0.8446814110806702
2013_4,2,1,2,0.08653771528656719
2013_4,2,1,3,0.0455410011134949
2013_4,2,1,4,0.023239872519267672
2013_4,2,2,1,0.1597201212076987
2013_4,2,2,2,0.6802637705588362
2013_4,2,2,3,0.11685198094074026
2013_4,2,2,4,0.043164127292724785
2013_4,2,3,1,0.02287840679028372
2013_4,2,3,2,0.04933952632647628
2013_4,2,3,3,0.87684427162487
2013_4,2,3,4,0.05093779525836999
2013_4,2,4,1,0.12417401370190166
2013_4,2,4,2,0.13825027429752842
2013_4,2,4,3,0.35910357960712574
2013_4,2,4,4,0.3784721323934442
2014_1,2,1,1,0.8504604257195696
2014_1,2,1,2,0.08163760803879022
2014_1,2,1,3,0.043652685752529535
2014_1,2,1,4,0.024249280489110653
2014_1,2,2,1,0.15275701421904334
2014_1,2,2,2,0.6990827828928934
2014_1,2,2,3,0.10988218706790989
2014_1,2,2,4,0.03827801582015339
2014_1,2,3,1,0.021235922160057912
2014_1,2,3,2,0.04206771316730761
2014_1,2,3,3,0.8930676143781486
2014_1,2,3,4,0.04362875029448589
2014_1,2,4,1,0.11793040503528229
2014_1,2,4,2,0.15652900674824616
2014_1,2,4,3,0.3811555779821543
2014_1,2,4,4,0.3443850102343172
2014_2,2,1,1,0.8572426770683621
2014_2,2,1,2,0.081163714066979
2014_2,2,1,3,0.03810148480005035
2014_2,2,1,4,0.023492124064608596
2014_2,2,2,1,0.15648302735958516
2014_2,2,2,2,0.7086100498846458
2014_2,2,2,3,0.09729265649960002
2014_2,2,2,4,0.037614266256169
2014_2,2,3,1,0.020743200429567017
2014_2,2,3,2,0.04053215608944099
2014_2,2,3,3,0.8941765379902248
2014_2,2,3,4,0.04454810549076725
2014_2,2,4,1,0.11788987461488257
2014_2,2,4,2,0.14553275346279113
2014_2,2,4,3,0.36389445173634255
2014_2,2,4,4,0.37268292018598376
2014_3,2,1,1,0.8573964588947811
2014_3,2,1,2,0.08351157868987316
2014_3,2,1,3,0.04177860075795862
2014_3,2,1,4,0.017313361657387057
2014_3,2,2,1,0.14974913978502316
2014_3,2,2,2,0.7145024980676069
2014_3,2,2,3,0.09999212462426288
2014_3,2,2,4,0.03575623752310705
2014_3,2,3,1,0.02079062842980798
2014_3,2,3,2,0.04706270484467719
2014_3,2,3,3,0.8891873241341844
2014_3,2,3,4,0.04295934259133036
2014_3,2,4,1,0.12587305226014925
2014_3,2,4,2,0.16389851082468987
2014_3,2,4,3,0.3385025137678443
2014_3,2,4,4,0.37172592314731656
2014_4,2,1,1,0.8476946070368555
2014_4,2,1,2,0.07808039099718929
2014_4,2,1,3,0.04226977892764507
2014_4,2,1,4,0.03195522303831011
2014_4,2,2,1,0.15713002557041303
2014_4,2,2,2,0.6773871923110669
2014_4,2,2,3,0.1110742649736167
2014_4,2,2,4,0.05440851714490337
2014_4,2,3,1,0.02042172888169627
2014_4,2,3,2,0.044735727202000246
2014_4,2,3,3,0.8806607278071567
2014_4,2,3,4,0.05418181610914681
2014_4,2,4,1,0.12991163994760796
2014_4,2,4,2,0.14052238383599824
2014_4,2,4,3,0.3357026395308204
2014_4,2,4,4,0.3938633366855734
2015_1,2,1,1,0.8471689696622386
2015_1,2,1,2,0.08040098855419492
2015_1,2,1,3,0.03946006154095497
2015_1,2,1,4,0.03296998024261141
2015_1,2,2,1,0.15073791582464652
2015_1,2,2,2,0.6885054753079737
2015_1,2,2,3,0.11049755499094756
2015_1,2,2,4,0.05025905387643223
2015_1,2,3,1,0.01881306769480964
2015_1,2,3,2,0.03967745321156527
2015_1,2,3,3,0.89171046664601
2015_1,2,3,4,0.04979901244761511
2015_1,2,4,1,0.10762409434007789
2015_1,2,4,2,0.15376543740175186
2015_1,2,4,3,0.353993337561523
2015_1,2,4,4,0.38461713069664727
2015_2,2,1,1,0.8600634352987465
2015_2,2,1,2,0.07223356574941991
2015_2,2,1,3,0.03439418643062327
2015_2,2,1,4,0.03330881252121032
2015_2,2,2,1,0.14934938151169555
2015_2,2,2,2,0.6961293296080432
2015_2,2,2,3,0.09999618091070664
2015_2,2,2,4,0.05452510796955462
2015_2,2,3,1,0.015047917814846405
2015_2,2,3,2,0.0363839298643509
2015_2,2,3,3,0.8922682262355893
2015_2,2,3,4,0.056299926085213343
2015_2,2,4,1,0.09911514044876518
2015_2,2,4,2,0.14763395991243747
2015_2,2,4,3,0.327133832124736
2015_2,2,4,4,0.42611706751406137
2015_3,2,1,1,0.8400209291989402
2015_3,2,1,2,0.08650341540668582
2015_3,2,1,3,0.04239108983471257
2015_3,2,1,4,0.03108456555966134
2015_3,2,2,1,0.1671749093426622
2015_3,2,2,2,0.6585476346590297
2015_3,2,2,3,0.11813347040641871
2015_3,2,2,4,0.056143985591889455
2015_3,2,3,1,0.018276608047187372
2015_3,2,3,2,0.04404305316173268
2015_3,2,3,3,0.8709697185493245
2015_3,2,3,4,0.06671062024175542
2015_3,2,4,1,0.12892338112958487
2015_3,2,4,2,0.1531383398126136
2015_3,2,4,3,0.3512085639504425
2015_3,2,4,4,0.366729715107359
2015_4,2,1,1,0.8403614304066774
2015_4,2,1,2,0.09009935030236231
2015_4,2,1,3,0.03677782882902494
2015_4,2,1,4,0.0327613904619353
2015_4,2,2,1,0.16098406065860865
2015_4,2,2,2,0.6549775612143967
2015_4,2,2,3,0.1075807986055011
2015_4,2,2,4,0.07645757952149357
2015_4,2,3,1,0.015499828882578663
2015_4,2,3,2,0.040493357656970395
2015_4,2,3,3,0.8650666319873866
2015_4,2,3,4,0.07894018147306432
2015_4,2,4,1,0.07531128297724439
2015_4,2,4,2,0.13443548444670034
2015_4,2,4,3,0.33502548232331836
2015_4,2,4,4,0.45522775025273693
2016_1,2,1,1,0.8341299206460511
2016_1,2,1,2,0.08928124923260596
2016_1,2,1,3,0.04255609901118928
2016_1,2,1,4,0.0340327311101537
2016_1,2,2,1,0.152677293348061
2016_1,2,2,2,0.6646395699278412
2016_1,2,2,3,0.1154450782160633
2016_1,2,2,4,0.06723805850803447
2016_1,2,3,1,0.01799400915868387
2016_1,2,3,2,0.03837406948491469
2016_1,2,3,3,0.8673125376898645
2016_1,2,3,4,0.07631938366653691
2016_1,2,4,1,0.08253043283141724
2016_1,2,4,2,0.14218443065600542
2016_1,2,4,3,0.3468370363095856
2016_1,2,4,4,0.42844810020299173
2016_2,2,1,1,0.8363863883558895
2016_2,2,1,2,0.09216580491007705
2016_2,2,1,3,0.041718735596590104
2016_2,2,1,4,0.02972907113744337
2016_2,2,2,1,0.14912527963840685
2016_2,2,2,2,0.6613068473480993
2016_2,2,2,3,0.10805063058489403
2016_2,2,2,4,0.08151724242859983
2016_2,2,3,1,0.013715725165385193
2016_2,2,3,2,0.03470808258808363
2016_2,2,3,3,0.8733670257759958
2016_2,2,3,4,0.07820916647053539
2016_2,2,4,1,0.07308862993993274
2016_2,2,4,2,0.12514467094486775
2016_2,2,4,3,0.3565514570705645
2016_2,2,4,4,0.445215242044635
2016_3,2,1,1,0.8497576115160128
2016_3,2,1,2,0.08946532460425105
2016_3,2,1,3,0.03317891103118458
2016_3,2,1,4,0.027598152848551532
2016_3,2,2,1,0.14977599160271626
2016_3,2,2,2,0.6812567040096078
2016_3,2,2,3,0.0995512742642986
2016_3,2,2,4,0.06941603012337727
2016_3,2,3,1,0.013120322450982292
2016_3,2,3,2,0.03978417151379286
2016_3,2,3,3,0.8651363269190052
2016_3,2,3,4,0.08195917911621967
2016_3,2,4,1,0.0685867544041752
2016_3,2,4,2,0.11745310148680792
2016_3,2,4,3,0.34746203853925867
2016_3,2,4,4,0.46649810556975824
2016_4,2,1,1,0.8441633673593506
2016_4,2,1,2,0.08450886362507253
2016_4,2,1,3,0.036136859127753475
2016_4,2,1,4,0.03519090988782336
2016_4,2,2,1,0.13688118155887177
2016_4,2,2,2,0.6745001430096764
2016_4,2,2,3,0.10024479014249267
2016_4,2,2,4,0.08837388528895912
2016_4,2,3,1,0.012169707692294635
2016_4,2,3,2,0.04118134012141533
2016_4,2,3,3,0.8506229559531917
2016_4,2,3,4,0.09602599623309828
2016_4,2,4,1,0.06353542060965638
2016_4,2,4,2,0.12861983432566462
2016_4,2,4,3,0.3235048329805307
2016_4,2,4,4,0.48433991208414834
2017_1,2,1,1,0.8507369481951933
2017_1,2,1,2,0.09117471917963281
2017_1,2,1,3,0.026871654669383974
2017_1,2,1,4,0.03121667795578993
2017_1,2,2,1,0.1332987812299519
2017_1,2,2,2,0.7104115080101733
2017_1,2,2,3,0.09370259922288557
2017_1,2,2,4,0.06258711153698929
2017_1,2,3,1,0.013575945973163382
2017_1,2,3,2,0.039615718552458073
2017_1,2,3,3,0.8674090675613599
2017_1,2,3,4,0.07939926791301861
2017_1,2,4,1,0.07407657662150642
2017_1,2,4,2,0.14292587931622064
2017_1,2,4,3,0.3255246796763218
2017_1,2,4,4,0.45747286438595114
2017_2,2,1,1,0.8569672939131638
2017_2,2,1,2,0.08722464797847873
2017_2,2,1,3,0.03256459061686257
2017_2,2,1,4,0.023243467491494897
2017_2,2,2,1,0.13429844192630014
2017_2,2,2,2,0.6986113941712581
2017_2,2,2,3,0.09071175039469788
2017_2,2,2,4,0.07637841350774394
2017_2,2,3,1,0.011833877197116665
2017_2,2,3,2,0.04045799351276181
2017_2,2,3,3,0.8694523681385701
2017_2,2,3,4,0.0782557611515514
2017_2,2,4,1,0.062037653916142584
2017_2,2,4,2,0.12637741429660496
2017_2,2,4,3,0.3199984088963005
2017_2,2,4,4,0.491586522890952
2017_3,2,1,1,0.8647034568231582
2017_3,2,1,2,0.07914896152804086
2017_3,2,1,3,0.026382293193973422
2017_3,2,1,4,0.029765288454827475
2017_3,2,2,1,0.1370644228964108
2017_3,2,2,2,0.702054193892178
2017_3,2,2,3,0.09516313324225636
2017_3,2,2,4,0.06571824996915479
2017_3,2,3,1,0.012076931862238351
2017_3,2,3,2,0.04184453850948543
2017_3,2,3,3,0.8673738428882929
2017_3,2,3,4,0.07870468673998328
2017_3,2,4,1,0.06901251734213468
2017_3,2,4,2,0.14160682299751437
2017_3,2,4,3,0.3127708379156561
2017_3,2,4,4,0.4766098217446949
2017_4,2,1,1,0.8419994438127257
2017_4,2,1,2,0.09019723310413735
2017_4,2,1,3,0.0364188199432703
2017_4,2,1,4,0.03138450313986659
2017_4,2,2,1,0.13734712447493633
2017_4,2,2,2,0.6862375902656334
2017_4,2,2,3,0.1025212583529304
2017_4,2,2,4,0.07389402690649999
2017_4,2,3,1,0.012445271049048474
2017_4,2,3,2,0.038574340325486484
2017_4,2,3,3,0.8692105809596117
2017_4,2,3,4,0.07976980766585338
2017_4,2,4,1,0.07038068921291168
2017_4,2,4,2,0.10716495839481356
2017_4,2,4,3,0.27943998356782596
2017_4,2,4,4,0.5430143688244488
2018_1,2,1,1,0.8632552665413498
2018_1,2,1,2,0.0873303311366778
2018_1,2,1,3,0.026344753704377815
2018_1,2,1,4,0.023069648617594668
2018_1,2,2,1,0.14139081577902793
2018_1,2,2,2,0.6905668311504289
2018_1,2,2,3,0.09982370463102073
2018_1,2,2,4,0.0682186484395224
2018_1,2,3,1,0.012690174607116312
2018_1,2,3,2,0.03813607044506971
2018_1,2,3,3,0.8738453477315349
2018_1,2,3,4,0.07532840721627905
2018_1,2,4,1,0.06925305662393201
2018_1,2,4,2,0.12578865882631296
2018_1,2,4,3,0.3313962138926915
2018_1,2,4,4,0.4735620706570635
2018_2,2,1,1,0.849338371603418
2018_2,2,1,2,0.09719364421975411
2018_2,2,1,3,0.028452803875646575
2018_2,2,1,4,0.02501518030118132
2018_2,2,2,1,0.13346860832810778
2018_2,2,2,2,0.7143156494236081
2018_2,2,2,3,0.08406826090805296
2018_2,2,2,4,0.06814748134023109
2018_2,2,3,1,0.01089797999324073
2018_2,2,3,2,0.040048907356538425
2018_2,2,3,3,0.875357740927396
2018_2,2,3,4,0.07369537172282484
2018_2,2,4,1,0.07600010870299813
2018_2,2,4,2,0.10868591861296091
2018_2,2,4,3,0.3032556123631567
2018_2,2,4,4,0.5120583603208843
2018_3,2,1,1,0.8488166669040826
2018_3,2,1,2,0.0987703675667756
2018_3,2,1,3,0.026626801624227318
2018_3,2,1,4,0.025786163904914495
2018_3,2,2,1,0.13347725940747587
2018_3,2,2,2,0.7210962207892068
2018_3,2,2,3,0.08598725708038371
2018_3,2,2,4,0.05943926272293368
2018_3,2,3,1,0.011282916203028901
2018_3,2,3,2,0.038937164812980374
2018_3,2,3,3,0.8777467304033233
2018_3,2,3,4,0.07203318858066746
2018_3,2,4,1,0.07154051588290278
2018_3,2,4,2,0.12888471943032298
2018_3,2,4,3,0.2863929980376835
2018_3,2,4,4,0.5131817666490908
2018_4,2,1,1,0.8440337155899402
2018_4,2,1,2,0.08643910230160522
2018_4,2,1,3,0.03636326336835867
2018_4,2,1,4,0.03316391874009583
2018_4,2,2,1,0.12994405096318465
2018_4,2,2,2,0.6995860535694893
2018_4,2,2,3,0.09133652261925597
2018_4,2,2,4,0.07913337284807
2018_4,2,3,1,0.011813024274325033
2018_4,2,3,2,0.03953521092186677
2018_4,2,3,3,0.8606591759846466
2018_4,2,3,4,0.08799258881916158
2018_4,2,4,1,0.0718042060035755
2018_4,2,4,2,0.12398383853953453
2018_4,2,4,3,0.2831502335444154
2018_4,2,4,4,0.5210617219124746
2019_1,2,1,1,0.8559249434160919
2019_1,2,1,2,0.09221319342723977
2019_1,2,1,3,0.028678566086726753
2019_1,2,1,4,0.0231832970699415
2019_1,2,2,1,0.13478796519945124
2019_1,2,2,2,0.7189831245591801
2019_1,2,2,3,0.08283469942128913
2019_1,2,2,4,0.06339421082007954
2019_1,2,3,1,0.012050761148710284
2019_1,2,3,2,0.041694579885735966
2019_1,2,3,3,0.8689084948894932
2019_1,2,3,4,0.07734616407606051
2019_1,2,4,1,0.06698637132401875
2019_1,2,4,2,0.1402886702936092
2019_1,2,4,3,0.31226041052387105
2019_1,2,4,4,0.480464547858501
2019_2,2,1,1,0.8518250775137193
2019_2,2,1,2,0.09624963137384221
2019_2,2,1,3,0.0289570890955344
2019_2,2,1,4,0.02296820201690412
2019_2,2,2,1,0.11567020022723765
2019_2,2,2,2,0.7189873948164118
2019_2,2,2,3,0.09105522823345628
2019_2,2,2,4,0.07428717672289421
2019_2,2,3,1,0.011959916306546043
2019_2,2,3,2,0.03660979450158764
2019_2,2,3,3,0.8772031647612042
2019_2,2,3,4,0.0742271244306621
2019_2,2,4,1,0.05731819107989464
2019_2,2,4,2,0.11811863497572567
2019_2,2,4,3,0.3202277733422422
2019_2,2,4,4,0.5043354006021376
2019_3,2,1,1,0.8571453949982787
2019_3,2,1,2,0.09221221294581407
2019_3,2,1,3,0.0291329871341227
2019_3,2,1,4,0.021509404921784554
2019_3,2,2,1,0.12915911496173094
2019_3,2,2,2,0.7236786894720235
2019_3,2,2,3,0.09033880227073748
2019_3,2,2,4,0.05682339329550811
2019_3,2,3,1,0.009591146422333371
2019_3,2,3,2,0.03949083454298743
2019_3,2,3,3,0.8795788779008504
2019_3,2,3,4,0.07133914113382875
2019_3,2,4,1,0.06820474478033696
2019_3,2,4,2,0.13876162445018544
2019_3,2,4,3,0.34527990240494094
2019_3,2,4,4,0.44775372836453664
2019_4,2,1,1,0.8490107255167118
2019_4,2,1,2,0.09302588791602724
2019_4,2,1,3,0.030067097771229682
2019_4,2,1,4,0.027896288796031274
2019_4,2,2,1,0.12147351199251435
2019_4,2,2,2,0.6962124559509996
2019_4,2,2,3,0.10827448371368639
2019_4,2,2,4,0.07403954834279972
2019_4,2,3,1,0.009117782364749714
2019_4,2,3,2,0.03677385481673418
2019_4,2,3,3,0.8793843945081604
2019_4,2,3,4,0.07472396831035572
2019_4,2,4,1,0.050420388855963824
2019_4,2,4,2,0.10654845165343838
2019_4,2,4,3,0.33876222015499485
2019_4,2,4,4,0.504268939335603
2020_1,2,1,1,0.8671271975232034
2020_1,2,1,2,0.03133464940908768
2020_1,2,1,3,0.0646580839074664
2020_1,2,1,4,0.03688006916024249
2020_1,2,2,1,0.04086995197670662
2020_1,2,2,2,0.7376131813509389
2020_1,2,2,3,0.1474174867702554
2020_1,2,2,4,0.07409937990209908
2020_1,2,3,1,0.0022581983065694325
2020_1,2,3,2,0.011989265510703305
2020_1,2,3,3,0.9584044661534049
2020_1,2,3,4,0.027348070029322304
2020_1,2,4,1,0.021708523554535283
2020_1,2,4,2,0.039173293460100976
2020_1,2,4,3,0.2923113621837371
2020_1,2,4,4,0.6468068208016267
2020_2,2,1,1,0.9335542717432672
2020_2,2,1,2,0.019985750828606708
2020_2,2,1,3,0.019827598212995158
2020_2,2,1,4,0.026632379215130935
2020_2,2,2,1,0.0456918455924933
2020_2,2,2,2,0.8490738015635819
2020_2,2,2,3,0.061232473346754517
2020_2,2,2,4,0.044001879497170215
2020_2,2,3,1,0.008710675890992286
2020_2,2,3,2,0.023957459140560116
2020_2,2,3,3,0.9201222641216203
2020_2,2,3,4,0.04720960084682724
2020_2,2,4,1,0.035476998614512485
2020_2,2,4,2,0.08445072966095009
2020_2,2,4,3,0.13426763280063722
2020_2,2,4,4,0.7458046389239003
2020_3,2,1,1,0.9435069954719985
2020_3,2,1,2,0.019786928961836786
2020_3,2,1,3,0.018354403900960548
2020_3,2,1,4,0.01835167166520417
2020_3,2,2,1,0.03892584095736631
2020_3,2,2,2,0.8803123279555345
2020_3,2,2,3,0.046960318825200444
2020_3,2,2,4,0.03380151226189878
2020_3,2,3,1,0.010305153224794155
2020_3,2,3,2,0.02081577810175022
2020_3,2,3,3,0.9260661982738222
2020_3,2,3,4,0.0428128703996334
2020_3,2,4,1,0.04615138098536425
2020_3,2,4,2,0.07049734278640948
2020_3,2,4,3,0.11887879108554351
2020_3,2,4,4,0.7644724851426827
2020_4,2,1,1,0.9378619232513297
2020_4,2,1,2,0.024192291992873583
2020_4,2,1,3,0.018444391333190337
2020_4,2,1,4,0.01950139342260647
2020_4,2,2,1,0.04134422573080658
2020_4,2,2,2,0.8657177555982484
2020_4,2,2,3,0.050844236741410115
2020_4,2,2,4,0.04209378192953496
2020_4,2,3,1,0.009141023429705583
2020_4,2,3,2,0.020036785526757184
2020_4,2,3,3,0.929492131991195
2020_4,2,3,4,0.041330059052342286
2020_4,2,4,1,0.032382148702303055
2020_4,2,4,2,0.06628784313874204
2020_4,2,4,3,0.12251381264287041
2020_4,2,4,4,0.7788161955160845
2021_1,2,1,1,0.9428313593605792
2021_1,2,1,2,0.017478463989517336
2021_1,2,1,3,0.016788052953483745
2021_1,2,1,4,0.022902123696419804
2021_1,2,2,1,0.04238321800938904
2021_1,2,2,2,0.8610078574345963
2021_1,2,2,3,0.04410734105635537
2021_1,2,2,4,0.0525015834996593
2021_1,2,3,1,0.0067943643394145666
2021_1,2,3,2,0.01876621597252896
2021_1,2,3,3,0.9306969321685298
2021_1,2,3,4,0.04374248751952668
2021_1,2,4,1,0.04449406304248465
2021_1,2,4,2,0.07612232783364743
2021_1,2,4,3,0.11205354529952108
2021_1,2,4,4,0.7673300638243469
2021_2,2,1,1,0.9550647365720768
2021_2,2,1,2,0.02421286282164313
2021_2,2,1,3,0.010386248042097904
2021_2,2,1,4,0.010336152564182187
2021_2,2,2,1,0.05340172169383496
2021_2,2,2,2,0.8770200069503398
2021_2,2,2,3,0.03593136038701864
2021_2,2,2,4,0.033646910968806655
2021_2,2,3,1,0.011932660109751636
2021_2,2,3,2,0.02127903833952263
2021_2,2,3,3,0.9364809743743275
2021_2,2,3,4,0.030307327176398162
2021_2,2,4,1,0.034573259366544824
2021_2,2,4,2,0.091905733849155
2021_2,2,4,3,0.1302642195633207
2021_2,2,4,4,0.7432567872209794
2021_3,2,1,1,NA
2021_3,2,1,2,NA
2021_3,2,1,3,NA
2021_3,2,1,4,NA
2021_3,2,2,1,NA
2021_3,2,2,2,NA
2021_3,2,2,3,NA
2021_3,2,2,4,NA
2021_3,2,3,1,NA
2021_3,2,3,2,NA
2021_3,2,3,3,NA
2021_3,2,3,4,NA
2021_3,2,4,1,NA
2021_3,2,4,2,NA
2021_3,2,4,3,NA
2021_3,2,4,4,NA
2012_1,3,1,1,0.8912272929026682
2012_1,3,1,2,0.058246977000145625
2012_1,3,1,3,0.028901948867048863
2012_1,3,1,4,0.021623781230137275
2012_1,3,2,1,0.2035903673669934
2012_1,3,2,2,0.671811776627578
2012_1,3,2,3,0.08335756903102098
2012_1,3,2,4,0.041240286974407604
2012_1,3,3,1,0.0600528575954135
2012_1,3,3,2,0.0705522544557478
2012_1,3,3,3,0.7843632111047089
2012_1,3,3,4,0.08503167684412986
2012_1,3,4,1,0.17611215133093822
2012_1,3,4,2,0.14365862958917877
2012_1,3,4,3,0.24209468112424978
2012_1,3,4,4,0.43813453795563323
2012_2,3,1,1,0.8987363386062419
2012_2,3,1,2,0.05446381575490979
2012_2,3,1,3,0.026386287590849017
2012_2,3,1,4,0.02041355804799926
2012_2,3,2,1,0.197713095558254
2012_2,3,2,2,0.6904738390811357
2012_2,3,2,3,0.07631300621183396
2012_2,3,2,4,0.03550005914877636
2012_2,3,3,1,0.04538546114020747
2012_2,3,3,2,0.06043136127942464
2012_2,3,3,3,0.8156004973364471
2012_2,3,3,4,0.07858268024392075
2012_2,3,4,1,0.17192405205455133
2012_2,3,4,2,0.13958957003242908
2012_2,3,4,3,0.24856190502588912
2012_2,3,4,4,0.4399244728871305
2012_3,3,1,1,0.8948196971369065
2012_3,3,1,2,0.054614197750394035
2012_3,3,1,3,0.028042210120600854
2012_3,3,1,4,0.02252389499209861
2012_3,3,2,1,0.2049844809860565
2012_3,3,2,2,0.6707167486103023
2012_3,3,2,3,0.08526094937071357
2012_3,3,2,4,0.03903782103292759
2012_3,3,3,1,0.046822130416345246
2012_3,3,3,2,0.05742831771255206
2012_3,3,3,3,0.8269665475042836
2012_3,3,3,4,0.0687830043668191
2012_3,3,4,1,0.17608738399125515
2012_3,3,4,2,0.14144567567786745
2012_3,3,4,3,0.25896384743744644
2012_3,3,4,4,0.4235030928934309
2012_4,3,1,1,0.8806639738776773
2012_4,3,1,2,0.05918580216018031
2012_4,3,1,3,0.03345330468020877
2012_4,3,1,4,0.02669691928193372
2012_4,3,2,1,0.20268929245018216
2012_4,3,2,2,0.6462286380919227
2012_4,3,2,3,0.0915865544222825
2012_4,3,2,4,0.05949551503561262
2012_4,3,3,1,0.04718245920187799
2012_4,3,3,2,0.058181379761770236
2012_4,3,3,3,0.810717863272519
2012_4,3,3,4,0.08391829776383275
2012_4,3,4,1,0.17471852773684457
2012_4,3,4,2,0.13409464302993826
2012_4,3,4,3,0.2746326425290185
2012_4,3,4,4,0.4165541867041987
2013_1,3,1,1,0.8843277453129977
2013_1,3,1,2,0.060728276842778275
2013_1,3,1,3,0.030137541549876846
2013_1,3,1,4,0.024806436294347138
2013_1,3,2,1,0.22107643885646008
2013_1,3,2,2,0.6525340848775096
2013_1,3,2,3,0.08214938290414357
2013_1,3,2,4,0.04424009336188671
2013_1,3,3,1,0.05519450622250826
2013_1,3,3,2,0.06935108972483403
2013_1,3,3,3,0.7938150403952134
2013_1,3,3,4,0.08163936365744427
2013_1,3,4,1,0.18291638914390168
2013_1,3,4,2,0.14674781432991216
2013_1,3,4,3,0.27271727158075854
2013_1,3,4,4,0.3976185249454276
2013_2,3,1,1,0.8807366698953006
2013_2,3,1,2,0.06299733171812677
2013_2,3,1,3,0.03156476946973407
2013_2,3,1,4,0.024701228916838496
2013_2,3,2,1,0.22581482911863415
2013_2,3,2,2,0.6486698981559205
2013_2,3,2,3,0.08927967597909445
2013_2,3,2,4,0.03623559674635094
2013_2,3,3,1,0.05716240163769336
2013_2,3,3,2,0.06512115465960719
2013_2,3,3,3,0.797753375579889
2013_2,3,3,4,0.0799630681228104
2013_2,3,4,1,0.2016400790408885
2013_2,3,4,2,0.13818144024299864
2013_2,3,4,3,0.27045007350426065
2013_2,3,4,4,0.3897284072118522
2013_3,3,1,1,0.8848259245916509
2013_3,3,1,2,0.06284570196236337
2013_3,3,1,3,0.03400179238961067
2013_3,3,1,4,0.018326581056375104
2013_3,3,2,1,0.23243476757559808
2013_3,3,2,2,0.6501714141831819
2013_3,3,2,3,0.08398349458421744
2013_3,3,2,4,0.03341032365700252
2013_3,3,3,1,0.05306988179554422
2013_3,3,3,2,0.06327516804072544
2013_3,3,3,3,0.8163007556529089
2013_3,3,3,4,0.06735419451082145
2013_3,3,4,1,0.1783384955217085
2013_3,3,4,2,0.14614187384997024
2013_3,3,4,3,0.2833372830761696
2013_3,3,4,4,0.39218234755215164
2013_4,3,1,1,0.875919499605671
2013_4,3,1,2,0.06429801823445383
2013_4,3,1,3,0.035946780537785224
2013_4,3,1,4,0.02383570162208997
2013_4,3,2,1,0.22884739561796358
2013_4,3,2,2,0.6272958205681571
2013_4,3,2,3,0.09761680368065151
2013_4,3,2,4,0.04623998013322781
2013_4,3,3,1,0.05438175389856907
2013_4,3,3,2,0.05754089922667464
2013_4,3,3,3,0.8089398054820265
2013_4,3,3,4,0.07913754139272978
2013_4,3,4,1,0.18102414678660775
2013_4,3,4,2,0.11683898940946964
2013_4,3,4,3,0.28622429698071183
2013_4,3,4,4,0.41591256682321076
2014_1,3,1,1,0.8905845557030556
2014_1,3,1,2,0.05505819416305342
2014_1,3,1,3,0.03321728976899232
2014_1,3,1,4,0.02113996036489862
2014_1,3,2,1,0.22565715607094056
2014_1,3,2,2,0.6587175480109794
2014_1,3,2,3,0.07670440084295892
2014_1,3,2,4,0.03892089507512119
2014_1,3,3,1,0.0559287172978083
2014_1,3,3,2,0.06256363702004872
2014_1,3,3,3,0.803218790798163
2014_1,3,3,4,0.07828885488397992
2014_1,3,4,1,0.18282145629115354
2014_1,3,4,2,0.13144386676692166
2014_1,3,4,3,0.29306832140370404
2014_1,3,4,4,0.39266635553822077
2014_2,3,1,1,0.8900340283128447
2014_2,3,1,2,0.05884208894589869
2014_2,3,1,3,0.031735875851326534
2014_2,3,1,4,0.019388006889930056
2014_2,3,2,1,0.21294169881185393
2014_2,3,2,2,0.6765275149131235
2014_2,3,2,3,0.07572171046105637
2014_2,3,2,4,0.03480907581396625
2014_2,3,3,1,0.04622318554171667
2014_2,3,3,2,0.05619800316546754
2014_2,3,3,3,0.8249582799003261
2014_2,3,3,4,0.07262053139248972
2014_2,3,4,1,0.18073859499587722
2014_2,3,4,2,0.12222017118164911
2014_2,3,4,3,0.2536483323034851
2014_2,3,4,4,0.4433929015189886
2014_3,3,1,1,0.8958711557484426
2014_3,3,1,2,0.05663022844269958
2014_3,3,1,3,0.029110683039089248
2014_3,3,1,4,0.018387932769768557
2014_3,3,2,1,0.20064108244767337
2014_3,3,2,2,0.6855310608971108
2014_3,3,2,3,0.08196846564634219
2014_3,3,2,4,0.03185939100887362
2014_3,3,3,1,0.047276954182449024
2014_3,3,3,2,0.05668266833838876
2014_3,3,3,3,0.8285667752383123
2014_3,3,3,4,0.06747360224084993
2014_3,3,4,1,0.18439351390908865
2014_3,3,4,2,0.1130457307441753
2014_3,3,4,3,0.2704946818685353
2014_3,3,4,4,0.4320660734782007
2014_4,3,1,1,0.8836328213359734
2014_4,3,1,2,0.059269972972399255
2014_4,3,1,3,0.03363709516285808
2014_4,3,1,4,0.02346011052876928
2014_4,3,2,1,0.2084893198353005
2014_4,3,2,2,0.6519806636210549
2014_4,3,2,3,0.0922436469934411
2014_4,3,2,4,0.0472863695502035
2014_4,3,3,1,0.04674018918883535
2014_4,3,3,2,0.04988016966330057
2014_4,3,3,3,0.8198522903190631
2014_4,3,3,4,0.08352735082880092
2014_4,3,4,1,0.18056150856043274
2014_4,3,4,2,0.11378714067879572
2014_4,3,4,3,0.2718208066057775
2014_4,3,4,4,0.43383054415499406
2015_1,3,1,1,0.886951157413419
2015_1,3,1,2,0.05950041859937421
2015_1,3,1,3,0.029284891020899994
2015_1,3,1,4,0.02426353296630676
2015_1,3,2,1,0.21644692265416837
2015_1,3,2,2,0.6596956652030092
2015_1,3,2,3,0.08065314209658503
2015_1,3,2,4,0.04320427004623744
2015_1,3,3,1,0.043304622781062924
2015_1,3,3,2,0.05501614794607435
2015_1,3,3,3,0.8121332435636994
2015_1,3,3,4,0.08954598570916333
2015_1,3,4,1,0.1516621094264348
2015_1,3,4,2,0.11754459590162965
2015_1,3,4,3,0.2561617221987761
2015_1,3,4,4,0.47463157247315946
2015_2,3,1,1,0.8934861682114402
2015_2,3,1,2,0.05721105398488583
2015_2,3,1,3,0.02617461229371144
2015_2,3,1,4,0.023128165509962547
2015_2,3,2,1,0.2007857210992075
2015_2,3,2,2,0.6789025485088976
2015_2,3,2,3,0.07813307844070075
2015_2,3,2,4,0.04217865195119407
2015_2,3,3,1,0.04002088512364706
2015_2,3,3,2,0.051862769340419106
2015_2,3,3,3,0.8225641086160542
2015_2,3,3,4,0.08555223691987958
2015_2,3,4,1,0.13064144032265335
2015_2,3,4,2,0.12002012796577238
2015_2,3,4,3,0.25132063014947675
2015_2,3,4,4,0.4980178015620975
2015_3,3,1,1,0.8755538290806609
2015_3,3,1,2,0.06513497378850619
2015_3,3,1,3,0.03165579344925885
2015_3,3,1,4,0.027655403681574042
2015_3,3,2,1,0.2340479000584497
2015_3,3,2,2,0.6276015015526122
2015_3,3,2,3,0.0906937601125677
2015_3,3,2,4,0.047656838276370427
2015_3,3,3,1,0.048823214187823656
2015_3,3,3,2,0.05938575702087757
2015_3,3,3,3,0.7990697367030422
2015_3,3,3,4,0.09272129208825663
2015_3,3,4,1,0.15430831374746495
2015_3,3,4,2,0.12496767761786592
2015_3,3,4,3,0.25748974509521644
2015_3,3,4,4,0.4632342635394527
2015_4,3,1,1,0.8728893250382056
2015_4,3,1,2,0.06745390481419745
2015_4,3,1,3,0.030931347767852023
2015_4,3,1,4,0.028725422379744885
2015_4,3,2,1,0.2293575700924618
2015_4,3,2,2,0.6029842753322272
2015_4,3,2,3,0.09523569748223516
2015_4,3,2,4,0.07242245709307586
2015_4,3,3,1,0.039058109725449056
2015_4,3,3,2,0.051231154640980096
2015_4,3,3,3,0.7952994843491041
2015_4,3,3,4,0.1144112512844667
2015_4,3,4,1,0.11270561621248011
2015_4,3,4,2,0.11627884608854988
2015_4,3,4,3,0.25497661709103125
2015_4,3,4,4,0.5160389206079388
2016_1,3,1,1,0.8750765113888507
2016_1,3,1,2,0.06673241003683682
2016_1,3,1,3,0.02930787554746007
2016_1,3,1,4,0.028883203026852388
2016_1,3,2,1,0.23344816660636855
2016_1,3,2,2,0.6264433459260557
2016_1,3,2,3,0.0833911047071742
2016_1,3,2,4,0.05671738276040154
2016_1,3,3,1,0.03855254348213295
2016_1,3,3,2,0.0642578373012658
2016_1,3,3,3,0.7836576518284353
2016_1,3,3,4,0.11353196738816598
2016_1,3,4,1,0.12536995391958322
2016_1,3,4,2,0.12398331462266536
2016_1,3,4,3,0.2533300267367737
2016_1,3,4,4,0.4973167047209777
2016_2,3,1,1,0.8767101032072875
2016_2,3,1,2,0.06949407350244681
2016_2,3,1,3,0.026884103609322984
2016_2,3,1,4,0.026911719680942733
2016_2,3,2,1,0.21346933019954156
2016_2,3,2,2,0.6383248679018226
2016_2,3,2,3,0.0860813721205536
2016_2,3,2,4,0.06212442977808221
2016_2,3,3,1,0.03699735583453126
2016_2,3,3,2,0.05072172954275659
2016_2,3,3,3,0.798924129641867
2016_2,3,3,4,0.11335678498084518
2016_2,3,4,1,0.11890431336916249
2016_2,3,4,2,0.11296915995863847
2016_2,3,4,3,0.23936539647129193
2016_2,3,4,4,0.5287611302009071
2016_3,3,1,1,0.8853796048925489
2016_3,3,1,2,0.06423971127101569
2016_3,3,1,3,0.02467264786371059
2016_3,3,1,4,0.025708035972724856
2016_3,3,2,1,0.20984432987521875
2016_3,3,2,2,0.6472607798055676
2016_3,3,2,3,0.07983646848444054
2016_3,3,2,4,0.06305842183477309
2016_3,3,3,1,0.03739081980545249
2016_3,3,3,2,0.05880302978292364
2016_3,3,3,3,0.7974355371615877
2016_3,3,3,4,0.10637061325003616
2016_3,3,4,1,0.12830794161139714
2016_3,3,4,2,0.1166696888667539
2016_3,3,4,3,0.23333663210470867
2016_3,3,4,4,0.5216857374171403
2016_4,3,1,1,0.8791197355925642
2016_4,3,1,2,0.06439844998477992
2016_4,3,1,3,0.026284079659522796
2016_4,3,1,4,0.030197734763133095
2016_4,3,2,1,0.20127108328962642
2016_4,3,2,2,0.6276245394971979
2016_4,3,2,3,0.08506138370669411
2016_4,3,2,4,0.08604299350648163
2016_4,3,3,1,0.03335569116454172
2016_4,3,3,2,0.05188225146398858
2016_4,3,3,3,0.796909584744471
2016_4,3,3,4,0.1178524726269987
2016_4,3,4,1,0.10631920158099771
2016_4,3,4,2,0.09930066447397715
2016_4,3,4,3,0.21790698167361958
2016_4,3,4,4,0.5764731522714056
2017_1,3,1,1,0.8844074343307594
2017_1,3,1,2,0.06847416775021882
2017_1,3,1,3,0.02305703993106797
2017_1,3,1,4,0.024061357987953745
2017_1,3,2,1,0.19383700198053816
2017_1,3,2,2,0.6724890494539957
2017_1,3,2,3,0.07022429274973717
2017_1,3,2,4,0.06344965581572894
2017_1,3,3,1,0.031524364305122836
2017_1,3,3,2,0.06147749148387476
2017_1,3,3,3,0.7925673300540647
2017_1,3,3,4,0.11443081415693777
2017_1,3,4,1,0.11250746317948086
2017_1,3,4,2,0.11940241582767745
2017_1,3,4,3,0.21887853720325806
2017_1,3,4,4,0.5492115837895836
2017_2,3,1,1,0.8847766662142946
2017_2,3,1,2,0.06654104884829297
2017_2,3,1,3,0.023846144852948642
2017_2,3,1,4,0.024836140084463703
2017_2,3,2,1,0.1967676973573469
2017_2,3,2,2,0.6753188164102358
2017_2,3,2,3,0.06941195721123714
2017_2,3,2,4,0.05850152902118015
2017_2,3,3,1,0.032342364254035826
2017_2,3,3,2,0.051936556481958746
2017_2,3,3,3,0.8070398213547185
2017_2,3,3,4,0.10868125790928694
2017_2,3,4,1,0.10531236856408253
2017_2,3,4,2,0.12168690210147301
2017_2,3,4,3,0.22636584860012796
2017_2,3,4,4,0.5466348807343164
2017_3,3,1,1,0.8926135914307545
2017_3,3,1,2,0.06520866747331155
2017_3,3,1,3,0.0217649085130581
2017_3,3,1,4,0.020412832582875913
2017_3,3,2,1,0.19868149988175487
2017_3,3,2,2,0.6804388250534517
2017_3,3,2,3,0.06992741780190868
2017_3,3,2,4,0.05095225726288474
2017_3,3,3,1,0.031417547231934975
2017_3,3,3,2,0.05500357471817188
2017_3,3,3,3,0.818492777913336
2017_3,3,3,4,0.09508610013655712
2017_3,3,4,1,0.1140766915372964
2017_3,3,4,2,0.12033532474622542
2017_3,3,4,3,0.21807895879455608
2017_3,3,4,4,0.5475090249219221
2017_4,3,1,1,0.8856841774599041
2017_4,3,1,2,0.06346459026124356
2017_4,3,1,3,0.022386147164506844
2017_4,3,1,4,0.028465085114345458
2017_4,3,2,1,0.18503630163766074
2017_4,3,2,2,0.6672179310176999
2017_4,3,2,3,0.07897032249040128
2017_4,3,2,4,0.0687754448542381
2017_4,3,3,1,0.02587391223546659
2017_4,3,3,2,0.04779028241842695
2017_4,3,3,3,0.8209498091237138
2017_4,3,3,4,0.10538599622239264
2017_4,3,4,1,0.10517583232034793
2017_4,3,4,2,0.10504069086809699
2017_4,3,4,3,0.2101178455139573
2017_4,3,4,4,0.5796656312975978
2018_1,3,1,1,0.8849317061336723
2018_1,3,1,2,0.06565110642798815
2018_1,3,1,3,0.023958040111102658
2018_1,3,1,4,0.02545914732723685
2018_1,3,2,1,0.19323178684319595
2018_1,3,2,2,0.6712466851773863
2018_1,3,2,3,0.07770277218702168
2018_1,3,2,4,0.057818755792396107
2018_1,3,3,1,0.02969578542233857
2018_1,3,3,2,0.05699833398017099
2018_1,3,3,3,0.8092952104225675
2018_1,3,3,4,0.10401067017492299
2018_1,3,4,1,0.10386521137743493
2018_1,3,4,2,0.12565542480609762
2018_1,3,4,3,0.222579794474888
2018_1,3,4,4,0.5478995693415795
2018_2,3,1,1,0.8877037939273875
2018_2,3,1,2,0.06670454533461699
2018_2,3,1,3,0.022391778949802085
2018_2,3,1,4,0.023199881788193443
2018_2,3,2,1,0.18939572985386005
2018_2,3,2,2,0.6915136057917547
2018_2,3,2,3,0.06742717183333721
2018_2,3,2,4,0.05166349252104801
2018_2,3,3,1,0.02906653987134372
2018_2,3,3,2,0.05295667304637538
2018_2,3,3,3,0.8132110633231556
2018_2,3,3,4,0.10476572375912528
2018_2,3,4,1,0.1163401166614016
2018_2,3,4,2,0.12037290700573147
2018_2,3,4,3,0.22007966045967578
2018_2,3,4,4,0.5432073158731912
2018_3,3,1,1,0.8942744151476706
2018_3,3,1,2,0.06378551051973909
2018_3,3,1,3,0.0202894460119237
2018_3,3,1,4,0.021650628320666655
2018_3,3,2,1,0.1943445813632403
2018_3,3,2,2,0.6886211767585376
2018_3,3,2,3,0.06643888705282129
2018_3,3,2,4,0.05059535482540077
2018_3,3,3,1,0.028516582221927177
2018_3,3,3,2,0.05773414835118537
2018_3,3,3,3,0.8184063274431268
2018_3,3,3,4,0.09534294198376066
2018_3,3,4,1,0.10482633718226517
2018_3,3,4,2,0.12517519380887132
2018_3,3,4,3,0.22372093786154315
2018_3,3,4,4,0.5462775311473204
2018_4,3,1,1,0.884112072461408
2018_4,3,1,2,0.06549485528072867
2018_4,3,1,3,0.023263135355393604
2018_4,3,1,4,0.027129936902469762
2018_4,3,2,1,0.18429854959838735
2018_4,3,2,2,0.6666584369684513
2018_4,3,2,3,0.08190821396508904
2018_4,3,2,4,0.06713479946807227
2018_4,3,3,1,0.030244362540534597
2018_4,3,3,2,0.05188601471068619
2018_4,3,3,3,0.8128040580121576
2018_4,3,3,4,0.1050655647366216
2018_4,3,4,1,0.09923899074046147
2018_4,3,4,2,0.1081637983550267
2018_4,3,4,3,0.22048765787293306
2018_4,3,4,4,0.5721095530315787
2019_1,3,1,1,0.8808610611174812
2019_1,3,1,2,0.070179920531969
2019_1,3,1,3,0.023673662559437418
2019_1,3,1,4,0.025285355791112425
2019_1,3,2,1,0.18897041345427765
2019_1,3,2,2,0.6855610117069668
2019_1,3,2,3,0.06654369315125373
2019_1,3,2,4,0.0589248816875018
2019_1,3,3,1,0.029349730769215057
2019_1,3,3,2,0.06525560957582972
2019_1,3,3,3,0.7950735806271744
2019_1,3,3,4,0.11032107902778085
2019_1,3,4,1,0.10404883447186328
2019_1,3,4,2,0.13301546373598783
2019_1,3,4,3,0.22593777993008873
2019_1,3,4,4,0.5369979218620602
2019_2,3,1,1,0.883828792902162
2019_2,3,1,2,0.07053344097815502
2019_2,3,1,3,0.022369895581966424
2019_2,3,1,4,0.023267870537716555
2019_2,3,2,1,0.18342089313307985
2019_2,3,2,2,0.693223279492386
2019_2,3,2,3,0.0680046353490372
2019_2,3,2,4,0.05535119202549693
2019_2,3,3,1,0.024451115612296195
2019_2,3,3,2,0.05856804855811255
2019_2,3,3,3,0.815007105426619
2019_2,3,3,4,0.10197373040297225
2019_2,3,4,1,0.1150784608867678
2019_2,3,4,2,0.11895185511936283
2019_2,3,4,3,0.21763998422555128
2019_2,3,4,4,0.548329699768318
2019_3,3,1,1,0.8898312436402255
2019_3,3,1,2,0.0686126387350423
2019_3,3,1,3,0.020916942536188553
2019_3,3,1,4,0.020639175088543717
2019_3,3,2,1,0.18921656986601992
2019_3,3,2,2,0.6887503438850824
2019_3,3,2,3,0.06924851383812847
2019_3,3,2,4,0.05278457241076922
2019_3,3,3,1,0.028003445419327238
2019_3,3,3,2,0.06342741604065004
2019_3,3,3,3,0.8129163398902948
2019_3,3,3,4,0.09565279864972794
2019_3,3,4,1,0.11165727289544988
2019_3,3,4,2,0.12825707890088386
2019_3,3,4,3,0.21703678040300248
2019_3,3,4,4,0.5430488678006637
2019_4,3,1,1,0.8806070986758716
2019_4,3,1,2,0.06656525088509202
2019_4,3,1,3,0.027662615872061324
2019_4,3,1,4,0.025165034566975077
2019_4,3,2,1,0.1754014072974958
2019_4,3,2,2,0.6671103624400659
2019_4,3,2,3,0.08714577050807401
2019_4,3,2,4,0.07034245975436422
2019_4,3,3,1,0.02442210187491051
2019_4,3,3,2,0.04834437912636395
2019_4,3,3,3,0.8265310143590676
2019_4,3,3,4,0.10070250463965795
2019_4,3,4,1,0.10373498702514444
2019_4,3,4,2,0.10807599371765621
2019_4,3,4,3,0.23934963672615114
2019_4,3,4,4,0.5488393825310482
2020_1,3,1,1,0.89238207997233
2020_1,3,1,2,0.02036614961432502
2020_1,3,1,3,0.0545543863646868
2020_1,3,1,4,0.0326973840486582
2020_1,3,2,1,0.05829127459166636
2020_1,3,2,2,0.7163554310676383
2020_1,3,2,3,0.15546012246640997
2020_1,3,2,4,0.06989317187428531
2020_1,3,3,1,0.009608361338819454
2020_1,3,3,2,0.019466822985811136
2020_1,3,3,3,0.9273601990003509
2020_1,3,3,4,0.043564616675018486
2020_1,3,4,1,0.03558631228584065
2020_1,3,4,2,0.037007460465940924
2020_1,3,4,3,0.28075063994368554
2020_1,3,4,4,0.6466555873045329
2020_2,3,1,1,0.9512424782459292
2020_2,3,1,2,0.015728342468094927
2020_2,3,1,3,0.01816289223642464
2020_2,3,1,4,0.014866287049551171
2020_2,3,2,1,0.05096017545909995
2020_2,3,2,2,0.8617215848605269
2020_2,3,2,3,0.056970014107006514
2020_2,3,2,4,0.0303482255733667
2020_2,3,3,1,0.021077836561626154
2020_2,3,3,2,0.033990246388059316
2020_2,3,3,3,0.8635060437927992
2020_2,3,3,4,0.08142587325751538
2020_2,3,4,1,0.06152898624497977
2020_2,3,4,2,0.06894410613868357
2020_2,3,4,3,0.1145372851206444
2020_2,3,4,4,0.7549896224956922
2020_3,3,1,1,0.9575412836008662
2020_3,3,1,2,0.015702386674222826
2020_3,3,1,3,0.013084864062925715
2020_3,3,1,4,0.013671465661985231
2020_3,3,2,1,0.04954424267311192
2020_3,3,2,2,0.887095606398
2020_3,3,2,3,0.035369559858941746
2020_3,3,2,4,0.027990591069946294
2020_3,3,3,1,0.022950754969075733
2020_3,3,3,2,0.03744688206151098
2020_3,3,3,3,0.8766240300223493
2020_3,3,3,4,0.06297833294706398
2020_3,3,4,1,0.08420027888961103
2020_3,3,4,2,0.08583726666693677
2020_3,3,4,3,0.08811565393167962
2020_3,3,4,4,0.7418468005117725
2020_4,3,1,1,0.9478405855082043
2020_4,3,1,2,0.017129729104195544
2020_4,3,1,3,0.017201309216688908
2020_4,3,1,4,0.01782837617091126
2020_4,3,2,1,0.06086300988278226
2020_4,3,2,2,0.8444142103287208
2020_4,3,2,3,0.04572223566175711
2020_4,3,2,4,0.049000544126739834
2020_4,3,3,1,0.01981135802869973
2020_4,3,3,2,0.021029370145905547
2020_4,3,3,3,0.9053695933951321
2020_4,3,3,4,0.053789678430262645
2020_4,3,4,1,0.07386608752559663
2020_4,3,4,2,0.07040168861046395
2020_4,3,4,3,0.08426513685812187
2020_4,3,4,4,0.7714670870058176
2021_1,3,1,1,0.9562655282022492
2021_1,3,1,2,0.014377002313095957
2021_1,3,1,3,0.01394384332780935
2021_1,3,1,4,0.015413626156845522
2021_1,3,2,1,0.047601068386964686
2021_1,3,2,2,0.8828115599139051
2021_1,3,2,3,0.03194740907217534
2021_1,3,2,4,0.03763996262695488
2021_1,3,3,1,0.015619339549287996
2021_1,3,3,2,0.023562793672660922
2021_1,3,3,3,0.9155082608020418
2021_1,3,3,4,0.045309605976009255
2021_1,3,4,1,0.06809332928942871
2021_1,3,4,2,0.06618691798668581
2021_1,3,4,3,0.072367207956281
2021_1,3,4,4,0.7933525447676045
2021_2,3,1,1,0.9584552504670216
2021_2,3,1,2,0.016065520410807953
2021_2,3,1,3,0.008715530379491073
2021_2,3,1,4,0.01676369874267934
2021_2,3,2,1,0.048273224919435434
2021_2,3,2,2,0.8873601561939087
2021_2,3,2,3,0.03459919577724264
2021_2,3,2,4,0.02976742310941322
2021_2,3,3,1,0.017327592559043828
2021_2,3,3,2,0.030512931100818777
2021_2,3,3,3,0.9030281281445933
2021_2,3,3,4,0.04913134819554402
2021_2,3,4,1,0.07304612781503332
2021_2,3,4,2,0.06701015830297441
2021_2,3,4,3,0.08170892208443095
2021_2,3,4,4,0.7782347917975613
2021_3,3,1,1,NA
2021_3,3,1,2,NA
2021_3,3,1,3,NA
2021_3,3,1,4,NA
2021_3,3,2,1,NA
2021_3,3,2,2,NA
2021_3,3,2,3,NA
2021_3,3,2,4,NA
2021_3,3,3,1,NA
2021_3,3,3,2,NA
2021_3,3,3,3,NA
2021_3,3,3,4,NA
2021_3,3,4,1,NA
2021_3,3,4,2,NA
2021_3,3,4,3,NA
2021_3,3,4,4,NA
2012_1,4,1,1,0.920147181771882
2012_1,4,1,2,0.053608106954059716
2012_1,4,1,3,0.017902145378974724
2012_1,4,1,4,0.008342565895083493
2012_1,4,2,1,0.3198449618895835
2012_1,4,2,2,0.6098415583675826
2012_1,4,2,3,0.04886820192366834
2012_1,4,2,4,0.02144527781916561
2012_1,4,3,1,0.07293823611198304
2012_1,4,3,2,0.053179174310850806
2012_1,4,3,3,0.8245242505538579
2012_1,4,3,4,0.04935833902330825
2012_1,4,4,1,0.20312763239088605
2012_1,4,4,2,0.15285709375963197
2012_1,4,4,3,0.20537813348665174
2012_1,4,4,4,0.43863714036283025
2012_2,4,1,1,0.9302986924807722
2012_2,4,1,2,0.05071739496821866
2012_2,4,1,3,0.011396888288150869
2012_2,4,1,4,0.0075870242628582754
2012_2,4,2,1,0.2884286359890999
2012_2,4,2,2,0.638041779974261
2012_2,4,2,3,0.054087491542822504
2012_2,4,2,4,0.01944209249381662
2012_2,4,3,1,0.052692347064221795
2012_2,4,3,2,0.03732426003493238
2012_2,4,3,3,0.8705542512879223
2012_2,4,3,4,0.039429141612923525
2012_2,4,4,1,0.180124249643416
2012_2,4,4,2,0.14925759374331835
2012_2,4,4,3,0.1742452717030731
2012_2,4,4,4,0.49637288491019255
2012_3,4,1,1,0.9275481886003283
2012_3,4,1,2,0.05009132563696988
2012_3,4,1,3,0.015568005735280735
2012_3,4,1,4,0.006792480027421152
2012_3,4,2,1,0.317728185915154
2012_3,4,2,2,0.5992216853399608
2012_3,4,2,3,0.055865321809487854
2012_3,4,2,4,0.02718480693539732
2012_3,4,3,1,0.047188231845216595
2012_3,4,3,2,0.030135428931681422
2012_3,4,3,3,0.8876886840205158
2012_3,4,3,4,0.034987655202586176
2012_3,4,4,1,0.178365793036642
2012_3,4,4,2,0.1275845433562283
2012_3,4,4,3,0.2416950924619825
2012_3,4,4,4,0.4523545711451472
2012_4,4,1,1,0.9124886472109189
2012_4,4,1,2,0.06277172403306722
2012_4,4,1,3,0.01481875141915174
2012_4,4,1,4,0.009920877336862085
2012_4,4,2,1,0.3402073883321235
2012_4,4,2,2,0.5537482285075851
2012_4,4,2,3,0.061266492013921446
2012_4,4,2,4,0.044777891146369965
2012_4,4,3,1,0.05487622012044141
2012_4,4,3,2,0.03103712867875168
2012_4,4,3,3,0.8579714112165333
2012_4,4,3,4,0.0561152399842736
2012_4,4,4,1,0.1682966683994437
2012_4,4,4,2,0.1173846599838377
2012_4,4,4,3,0.23441105236791535
2012_4,4,4,4,0.4799076192488032
2013_1,4,1,1,0.9172322382477089
2013_1,4,1,2,0.05568800419375533
2013_1,4,1,3,0.01673461865920207
2013_1,4,1,4,0.010345138899333604
2013_1,4,2,1,0.33424972606995634
2013_1,4,2,2,0.5961641067840052
2013_1,4,2,3,0.0517693179625503
2013_1,4,2,4,0.017816849183488182
2013_1,4,3,1,0.057127394459533506
2013_1,4,3,2,0.04643027419604255
2013_1,4,3,3,0.849743210192157
2013_1,4,3,4,0.04669912115226685
2013_1,4,4,1,0.17826552572063586
2013_1,4,4,2,0.1632094450859032
2013_1,4,4,3,0.23485960469945455
2013_1,4,4,4,0.42366542449400635
2013_2,4,1,1,0.9177561434287902
2013_2,4,1,2,0.06040225255746754
2013_2,4,1,3,0.01476672170603253
2013_2,4,1,4,0.0070748823077097485
2013_2,4,2,1,0.34752834750039835
2013_2,4,2,2,0.578154594632721
2013_2,4,2,3,0.05324493116008239
2013_2,4,2,4,0.021072126706798304
2013_2,4,3,1,0.05252224202305561
2013_2,4,3,2,0.0414329929892683
2013_2,4,3,3,0.8508936693673845
2013_2,4,3,4,0.055151095620291544
2013_2,4,4,1,0.20692112349271968
2013_2,4,4,2,0.10183725263167544
2013_2,4,4,3,0.2348781585109981
2013_2,4,4,4,0.45636346536460676
2013_3,4,1,1,0.9121265049228205
2013_3,4,1,2,0.06261705506531542
2013_3,4,1,3,0.01805432989464391
2013_3,4,1,4,0.007202110117220124
2013_3,4,2,1,0.32854410124182903
2013_3,4,2,2,0.5904019785139457
2013_3,4,2,3,0.06510599414621393
2013_3,4,2,4,0.015947926098011343
2013_3,4,3,1,0.038532899050698746
2013_3,4,3,2,0.03882628322475147
2013_3,4,3,3,0.8813955627146378
2013_3,4,3,4,0.041245255009911996
2013_3,4,4,1,0.15188854659826656
2013_3,4,4,2,0.12848833172626692
2013_3,4,4,3,0.2726408721685146
2013_3,4,4,4,0.44698224950695187
2013_4,4,1,1,0.9218301807241196
2013_4,4,1,2,0.055702825023097126
2013_4,4,1,3,0.01514796179634013
2013_4,4,1,4,0.007319032456443145
2013_4,4,2,1,0.31762368995177803
2013_4,4,2,2,0.5841062102330675
2013_4,4,2,3,0.056091300145945225
2013_4,4,2,4,0.04217879966920925
2013_4,4,3,1,0.05159363538356597
2013_4,4,3,2,0.038347416590916575
2013_4,4,3,3,0.8529731526802244
2013_4,4,3,4,0.05708579534529303
2013_4,4,4,1,0.15085486008385912
2013_4,4,4,2,0.0915678801928358
2013_4,4,4,3,0.24189278000016584
2013_4,4,4,4,0.5156844797231392
2014_1,4,1,1,0.9253721533008848
2014_1,4,1,2,0.05243708582080203
2014_1,4,1,3,0.016219019391129106
2014_1,4,1,4,0.005971741487184067
2014_1,4,2,1,0.35026743656929404
2014_1,4,2,2,0.58742248919719
2014_1,4,2,3,0.0410109191010786
2014_1,4,2,4,0.021299155132437388
2014_1,4,3,1,0.048164040998304326
2014_1,4,3,2,0.04120047565344131
2014_1,4,3,3,0.8723200335243332
2014_1,4,3,4,0.03831544982392115
2014_1,4,4,1,0.18153283885174393
2014_1,4,4,2,0.13219666140389005
2014_1,4,4,3,0.2088248971898076
2014_1,4,4,4,0.4774456025545584
2014_2,4,1,1,0.9274125067676409
2014_2,4,1,2,0.0518147925141226
2014_2,4,1,3,0.014032742881313995
2014_2,4,1,4,0.006739957836922503
2014_2,4,2,1,0.30641123700671324
2014_2,4,2,2,0.6334635107162033
2014_2,4,2,3,0.04385776363943842
2014_2,4,2,4,0.01626748863764505
2014_2,4,3,1,0.046335666758550505
2014_2,4,3,2,0.036839180223627484
2014_2,4,3,3,0.8769534012714153
2014_2,4,3,4,0.039871751746406656
2014_2,4,4,1,0.15751599859558996
2014_2,4,4,2,0.11374659072988864
2014_2,4,4,3,0.22124697439192753
2014_2,4,4,4,0.5074904362825939
2014_3,4,1,1,0.9224750725067736
2014_3,4,1,2,0.05564681263202501
2014_3,4,1,3,0.014175841627578784
2014_3,4,1,4,0.00770227323362255
2014_3,4,2,1,0.33951933841871046
2014_3,4,2,2,0.604175789419503
2014_3,4,2,3,0.04105051008718957
2014_3,4,2,4,0.015254362074597017
2014_3,4,3,1,0.04002125691648413
2014_3,4,3,2,0.03318352320825337
2014_3,4,3,3,0.8850036451922224
2014_3,4,3,4,0.04179157468304009
2014_3,4,4,1,0.11948992148451766
2014_3,4,4,2,0.1301308951312753
2014_3,4,4,3,0.25433066489941547
2014_3,4,4,4,0.4960485184847916
2014_4,4,1,1,0.9222781589386115
2014_4,4,1,2,0.05000900226714255
2014_4,4,1,3,0.017595472696097684
2014_4,4,1,4,0.01011736609814823
2014_4,4,2,1,0.3135108623818045
2014_4,4,2,2,0.5807706163973804
2014_4,4,2,3,0.06672896569114381
2014_4,4,2,4,0.0389895555296713
2014_4,4,3,1,0.04100101001133042
2014_4,4,3,2,0.0314964567699679
2014_4,4,3,3,0.8762815287322687
2014_4,4,3,4,0.051221004486433006
2014_4,4,4,1,0.1515131729916404
2014_4,4,4,2,0.09375137005038368
2014_4,4,4,3,0.2204672608824425
2014_4,4,4,4,0.5342681960755334
2015_1,4,1,1,0.9239202211964039
2015_1,4,1,2,0.05162737059681251
2015_1,4,1,3,0.014901889940722581
2015_1,4,1,4,0.009550518266060957
2015_1,4,2,1,0.3154736322961503
2015_1,4,2,2,0.6139170459262304
2015_1,4,2,3,0.05190347980825332
2015_1,4,2,4,0.018705841969365963
2015_1,4,3,1,0.040083582079553086
2015_1,4,3,2,0.036992899241374035
2015_1,4,3,3,0.864315625954019
2015_1,4,3,4,0.05860789272505387
2015_1,4,4,1,0.20781170280223513
2015_1,4,4,2,0.12868050403959327
2015_1,4,4,3,0.21427743480792383
2015_1,4,4,4,0.44923035835024777
2015_2,4,1,1,0.9215919808422111
2015_2,4,1,2,0.0556273045803191
2015_2,4,1,3,0.011968144425430118
2015_2,4,1,4,0.010812570152039756
2015_2,4,2,1,0.2985267058011813
2015_2,4,2,2,0.6259568811359093
2015_2,4,2,3,0.04489754179346523
2015_2,4,2,4,0.030618871269444178
2015_2,4,3,1,0.039929836169453364
2015_2,4,3,2,0.036740660334130586
2015_2,4,3,3,0.8688162002015725
2015_2,4,3,4,0.05451330329484354
2015_2,4,4,1,0.16213316483075335
2015_2,4,4,2,0.10000994738040224
2015_2,4,4,3,0.22049813011672642
2015_2,4,4,4,0.517358757672118
2015_3,4,1,1,0.9143898833500039
2015_3,4,1,2,0.058749768161162196
2015_3,4,1,3,0.014328084863409987
2015_3,4,1,4,0.012532263625423892
2015_3,4,2,1,0.364545686992332
2015_3,4,2,2,0.5517157409657667
2015_3,4,2,3,0.05815748251448074
2015_3,4,2,4,0.025581089527420643
2015_3,4,3,1,0.05157736250592922
2015_3,4,3,2,0.04670338201018329
2015_3,4,3,3,0.8505605613014836
2015_3,4,3,4,0.05115869418240393
2015_3,4,4,1,0.20831404953682198
2015_3,4,4,2,0.11071227409700195
2015_3,4,4,3,0.23496409817437186
2015_3,4,4,4,0.4460095781918042
2015_4,4,1,1,0.908927186224871
2015_4,4,1,2,0.06232083237040536
2015_4,4,1,3,0.014676527787180356
2015_4,4,1,4,0.014075453617543284
2015_4,4,2,1,0.35229960361363505
2015_4,4,2,2,0.5335546020196534
2015_4,4,2,3,0.0725426964753386
2015_4,4,2,4,0.04160309789137286
2015_4,4,3,1,0.046646689317404726
2015_4,4,3,2,0.03137429837779995
2015_4,4,3,3,0.8607327257054741
2015_4,4,3,4,0.06124628659932119
2015_4,4,4,1,0.16286211125807978
2015_4,4,4,2,0.08031828312242645
2015_4,4,4,3,0.18556450776979289
2015_4,4,4,4,0.5712550978497009
2016_1,4,1,1,0.9108744490645991
2016_1,4,1,2,0.06226460936096823
2016_1,4,1,3,0.01584685730918994
2016_1,4,1,4,0.011014084265242691
2016_1,4,2,1,0.36294737020589113
2016_1,4,2,2,0.5520265316061175
2016_1,4,2,3,0.0521399396867095
2016_1,4,2,4,0.03288615850128187
2016_1,4,3,1,0.03991579962393964
2016_1,4,3,2,0.04670730773190958
2016_1,4,3,3,0.8525840577521924
2016_1,4,3,4,0.06079283489195841
2016_1,4,4,1,0.12344559446575402
2016_1,4,4,2,0.11579987502179905
2016_1,4,4,3,0.22656788223456242
2016_1,4,4,4,0.5341866482778845
2016_2,4,1,1,0.9096652257024886
2016_2,4,1,2,0.06653784067635508
2016_2,4,1,3,0.013558448057431925
2016_2,4,1,4,0.01023848556372431
2016_2,4,2,1,0.3394060016428443
2016_2,4,2,2,0.5854498881026116
2016_2,4,2,3,0.051657529853165025
2016_2,4,2,4,0.023486580401379124
2016_2,4,3,1,0.03825810597808034
2016_2,4,3,2,0.03688758157227043
2016_2,4,3,3,0.856798537970128
2016_2,4,3,4,0.06805577447952134
2016_2,4,4,1,0.1542718143772024
2016_2,4,4,2,0.10859309489705218
2016_2,4,4,3,0.21096191376302537
2016_2,4,4,4,0.52617317696272
2016_3,4,1,1,0.9136568480993419
2016_3,4,1,2,0.06212079735337638
2016_3,4,1,3,0.012916840440113908
2016_3,4,1,4,0.011305514107167836
2016_3,4,2,1,0.33868852551038336
2016_3,4,2,2,0.5916467751592455
2016_3,4,2,3,0.045477290445557345
2016_3,4,2,4,0.02418740888481386
2016_3,4,3,1,0.04394911525201965
2016_3,4,3,2,0.039009260165128304
2016_3,4,3,3,0.8553349844837375
2016_3,4,3,4,0.06170664009911463
2016_3,4,4,1,0.1553373432709719
2016_3,4,4,2,0.11128400696747957
2016_3,4,4,3,0.19018571968307635
2016_3,4,4,4,0.5431929300784721
2016_4,4,1,1,0.9117957389293586
2016_4,4,1,2,0.05721327524471881
2016_4,4,1,3,0.016765977201953077
2016_4,4,1,4,0.014225008623969445
2016_4,4,2,1,0.32198648466568824
2016_4,4,2,2,0.5584394341473138
2016_4,4,2,3,0.06330430586773779
2016_4,4,2,4,0.056269775319260154
2016_4,4,3,1,0.036683158865242975
2016_4,4,3,2,0.03848674686261874
2016_4,4,3,3,0.8566096684652543
2016_4,4,3,4,0.068220425806884
2016_4,4,4,1,0.13869778272698385
2016_4,4,4,2,0.12025700438717611
2016_4,4,4,3,0.18436493429709358
2016_4,4,4,4,0.5566802785887465
2017_1,4,1,1,0.9112538571249916
2017_1,4,1,2,0.06484085440269163
2017_1,4,1,3,0.014756873665480518
2017_1,4,1,4,0.009148414806836168
2017_1,4,2,1,0.3136175891054534
2017_1,4,2,2,0.6050778521295932
2017_1,4,2,3,0.04871512020490712
2017_1,4,2,4,0.032589438560046285
2017_1,4,3,1,0.04690915685493289
2017_1,4,3,2,0.04360951065082592
2017_1,4,3,3,0.8384757272634716
2017_1,4,3,4,0.07100560523076954
2017_1,4,4,1,0.14389217402419152
2017_1,4,4,2,0.1711255337846605
2017_1,4,4,3,0.15968288766452948
2017_1,4,4,4,0.5252994045266185
2017_2,4,1,1,0.9143769392847098
2017_2,4,1,2,0.06179056296700481
2017_2,4,1,3,0.014257367457810687
2017_2,4,1,4,0.009575130290474755
2017_2,4,2,1,0.3097945081016482
2017_2,4,2,2,0.6102976513728241
2017_2,4,2,3,0.04485240928682488
2017_2,4,2,4,0.03505543123870276
2017_2,4,3,1,0.04087673488188917
2017_2,4,3,2,0.04422875933381218
2017_2,4,3,3,0.8647736230954082
2017_2,4,3,4,0.05012088268889046
2017_2,4,4,1,0.13919654512134377
2017_2,4,4,2,0.13329717610534952
2017_2,4,4,3,0.19490470711664273
2017_2,4,4,4,0.532601571656664
2017_3,4,1,1,0.9151620953567277
2017_3,4,1,2,0.061555720484702356
2017_3,4,1,3,0.013734246895308007
2017_3,4,1,4,0.009547937263262002
2017_3,4,2,1,0.2999929976278266
2017_3,4,2,2,0.627102056799139
2017_3,4,2,3,0.044320231472613665
2017_3,4,2,4,0.028584714100420676
2017_3,4,3,1,0.03434721757174406
2017_3,4,3,2,0.03684517740719861
2017_3,4,3,3,0.8663717309600496
2017_3,4,3,4,0.06243587406100771
2017_3,4,4,1,0.12362998786537528
2017_3,4,4,2,0.10938781046004942
2017_3,4,4,3,0.19091172482286048
2017_3,4,4,4,0.5760704768517149
2017_4,4,1,1,0.912584562561713
2017_4,4,1,2,0.06224624037220237
2017_4,4,1,3,0.014395384363051981
2017_4,4,1,4,0.010773812703032543
2017_4,4,2,1,0.2838392677770144
2017_4,4,2,2,0.6103390002288872
2017_4,4,2,3,0.06206572553094108
2017_4,4,2,4,0.043756006463157304
2017_4,4,3,1,0.03170686322030511
2017_4,4,3,2,0.03909188274040183
2017_4,4,3,3,0.8677291220715663
2017_4,4,3,4,0.061472131967726794
2017_4,4,4,1,0.13366760456638543
2017_4,4,4,2,0.09822191142706004
2017_4,4,4,3,0.19779288608480525
2017_4,4,4,4,0.5703175979217493
2018_1,4,1,1,0.9094085997364532
2018_1,4,1,2,0.0654024905103158
2018_1,4,1,3,0.015031979956206237
2018_1,4,1,4,0.010156929797024778
2018_1,4,2,1,0.290360062355609
2018_1,4,2,2,0.6387734617335676
2018_1,4,2,3,0.04180076177085596
2018_1,4,2,4,0.029065714139967353
2018_1,4,3,1,0.039021586436269545
2018_1,4,3,2,0.04989086752573007
2018_1,4,3,3,0.8417682207342054
2018_1,4,3,4,0.06931932530379498
2018_1,4,4,1,0.13402905266911655
2018_1,4,4,2,0.15316252100108083
2018_1,4,4,3,0.17128545004297302
2018_1,4,4,4,0.5415229762868295
2018_2,4,1,1,0.9063036669760647
2018_2,4,1,2,0.07063936864544913
2018_2,4,1,3,0.012703152178943663
2018_2,4,1,4,0.010353812199542546
2018_2,4,2,1,0.2799981356205035
2018_2,4,2,2,0.6484407450715601
2018_2,4,2,3,0.04460180642772436
2018_2,4,2,4,0.026959312880212027
2018_2,4,3,1,0.0317444295401582
2018_2,4,3,2,0.0398912662155906
2018_2,4,3,3,0.8676117963819879
2018_2,4,3,4,0.06075250786226326
2018_2,4,4,1,0.15461594515497562
2018_2,4,4,2,0.11820925952451226
2018_2,4,4,3,0.20731644486048423
2018_2,4,4,4,0.5198583504600278
2018_3,4,1,1,0.9130308047101569
2018_3,4,1,2,0.06369186888504971
2018_3,4,1,3,0.013574687935930693
2018_3,4,1,4,0.009702638468862771
2018_3,4,2,1,0.27958449239640987
2018_3,4,2,2,0.6507444582892351
2018_3,4,2,3,0.042872331569275016
2018_3,4,2,4,0.02679871774508
2018_3,4,3,1,0.033437013565779626
2018_3,4,3,2,0.04083143526495273
2018_3,4,3,3,0.8638730064246865
2018_3,4,3,4,0.06185854474458124
2018_3,4,4,1,0.1421143494715083
2018_3,4,4,2,0.12056899286543794
2018_3,4,4,3,0.1813196066474932
2018_3,4,4,4,0.5559970510155605
2018_4,4,1,1,0.9112334268116193
2018_4,4,1,2,0.06402117702123035
2018_4,4,1,3,0.014543313006422816
2018_4,4,1,4,0.010202083160727533
2018_4,4,2,1,0.27916329257224703
2018_4,4,2,2,0.6139509716717761
2018_4,4,2,3,0.05883488481242652
2018_4,4,2,4,0.04805085094355034
2018_4,4,3,1,0.03179943932610548
2018_4,4,3,2,0.0346552029117222
2018_4,4,3,3,0.8674601775434112
2018_4,4,3,4,0.06608518021876109
2018_4,4,4,1,0.12695040436523164
2018_4,4,4,2,0.09598223946753776
2018_4,4,4,3,0.18378847040279983
2018_4,4,4,4,0.5932788857644308
2019_1,4,1,1,0.9068614791538285
2019_1,4,1,2,0.0676802053204924
2019_1,4,1,3,0.012228009827899343
2019_1,4,1,4,0.01323030569777978
2019_1,4,2,1,0.2920879317207754
2019_1,4,2,2,0.6390525677465231
2019_1,4,2,3,0.0468675057847728
2019_1,4,2,4,0.02199199474792865
2019_1,4,3,1,0.04002705207030738
2019_1,4,3,2,0.0504933823995652
2019_1,4,3,3,0.8471430923873066
2019_1,4,3,4,0.06233647314282083
2019_1,4,4,1,0.1541912825009419
2019_1,4,4,2,0.144878662241297
2019_1,4,4,3,0.19199280086847495
2019_1,4,4,4,0.5089372543892862
2019_2,4,1,1,0.9066593092606037
2019_2,4,1,2,0.06774172623373442
2019_2,4,1,3,0.01529794154490154
2019_2,4,1,4,0.010301022960760343
2019_2,4,2,1,0.27112593530428913
2019_2,4,2,2,0.6639814518402738
2019_2,4,2,3,0.036145035864062126
2019_2,4,2,4,0.028747576991374965
2019_2,4,3,1,0.03197917086484772
2019_2,4,3,2,0.04216003500894009
2019_2,4,3,3,0.869325973118541
2019_2,4,3,4,0.056534821007671196
2019_2,4,4,1,0.14368157307963508
2019_2,4,4,2,0.1464526330657583
2019_2,4,4,3,0.19250744974160053
2019_2,4,4,4,0.5173583441130061
2019_3,4,1,1,0.9149427179008697
2019_3,4,1,2,0.06152445670850341
2019_3,4,1,3,0.012885358809095335
2019_3,4,1,4,0.01064746658153158
2019_3,4,2,1,0.2880450753997113
2019_3,4,2,2,0.6389553689391728
2019_3,4,2,3,0.04400979283937404
2019_3,4,2,4,0.028989762821741878
2019_3,4,3,1,0.04038189041196046
2019_3,4,3,2,0.03287132114910915
2019_3,4,3,3,0.8713507532835353
2019_3,4,3,4,0.05539603515539516
2019_3,4,4,1,0.12598014264786223
2019_3,4,4,2,0.13905309116094602
2019_3,4,4,3,0.1981693724430932
2019_3,4,4,4,0.5367973937480985
2019_4,4,1,1,0.9027038505102501
2019_4,4,1,2,0.0688600980055019
2019_4,4,1,3,0.015533411315021908
2019_4,4,1,4,0.012902640169226006
2019_4,4,2,1,0.26593264992722687
2019_4,4,2,2,0.6274892171332276
2019_4,4,2,3,0.06018459273791245
2019_4,4,2,4,0.04639354020163306
2019_4,4,3,1,0.03113068084453933
2019_4,4,3,2,0.031219708676445072
2019_4,4,3,3,0.8724602116645234
2019_4,4,3,4,0.06518939881449226
2019_4,4,4,1,0.13198036992387935
2019_4,4,4,2,0.10415398094282208
2019_4,4,4,3,0.2030407616580731
2019_4,4,4,4,0.5608248874752254
2020_1,4,1,1,0.9413220051460681
2020_1,4,1,2,0.01712161070531567
2020_1,4,1,3,0.027366215482508324
2020_1,4,1,4,0.01419016866610787
2020_1,4,2,1,0.08518915486877084
2020_1,4,2,2,0.7791623410562457
2020_1,4,2,3,0.100158638784896
2020_1,4,2,4,0.0354898652900874
2020_1,4,3,1,0.01312912539368603
2020_1,4,3,2,0.01668514497390528
2020_1,4,3,3,0.9469047027056057
2020_1,4,3,4,0.023281026926803023
2020_1,4,4,1,0.06319326037086202
2020_1,4,4,2,0.0510477646442697
2020_1,4,4,3,0.26545959510972933
2020_1,4,4,4,0.620299379875139
2020_2,4,1,1,0.9617068730928906
2020_2,4,1,2,0.016536008640570386
2020_2,4,1,3,0.012515033548610131
2020_2,4,1,4,0.009242084717928931
2020_2,4,2,1,0.059384284087076626
2020_2,4,2,2,0.8853346458796177
2020_2,4,2,3,0.03738860122543009
2020_2,4,2,4,0.0178924688078755
2020_2,4,3,1,0.027321447606011476
2020_2,4,3,2,0.03777837040777706
2020_2,4,3,3,0.8890744471107215
2020_2,4,3,4,0.045825734875489965
2020_2,4,4,1,0.08306616731512086
2020_2,4,4,2,0.08817789480785317
2020_2,4,4,3,0.12132412028614285
2020_2,4,4,4,0.7074318175908831
2020_3,4,1,1,0.9728689990909627
2020_3,4,1,2,0.013690434850191915
2020_3,4,1,3,0.006409462427800531
2020_3,4,1,4,0.00703110363104481
2020_3,4,2,1,0.0586631036489818
2020_3,4,2,2,0.8947355043799324
2020_3,4,2,3,0.031887390414674366
2020_3,4,2,4,0.014714001556411383
2020_3,4,3,1,0.03533523732415588
2020_3,4,3,2,0.02801901543660416
2020_3,4,3,3,0.8895590703275007
2020_3,4,3,4,0.047086676911739206
2020_3,4,4,1,0.10434763753331952
2020_3,4,4,2,0.07534518036232793
2020_3,4,4,3,0.07895471055174422
2020_3,4,4,4,0.7413524715526083
2020_4,4,1,1,0.9669182758962624
2020_4,4,1,2,0.01580547128771457
2020_4,4,1,3,0.007985473916359447
2020_4,4,1,4,0.00929077889966353
2020_4,4,2,1,0.05564434125896292
2020_4,4,2,2,0.8686680597980393
2020_4,4,2,3,0.0328292224926552
2020_4,4,2,4,0.042858376450342545
2020_4,4,3,1,0.033859433602331415
2020_4,4,3,2,0.02151638194141907
2020_4,4,3,3,0.9057354465797418
2020_4,4,3,4,0.03888873787650767
2020_4,4,4,1,0.08446938275084821
2020_4,4,4,2,0.06080193895794923
2020_4,4,4,3,0.0752470002609093
2020_4,4,4,4,0.7794816780302932
2021_1,4,1,1,0.9709464613652025
2021_1,4,1,2,0.013880797251612918
2021_1,4,1,3,0.007307630749112247
2021_1,4,1,4,0.007865110634072334
2021_1,4,2,1,0.07002252080164113
2021_1,4,2,2,0.8975478769113597
2021_1,4,2,3,0.01578285084274181
2021_1,4,2,4,0.01664675144425738
2021_1,4,3,1,0.02681504107589004
2021_1,4,3,2,0.022351622839009294
2021_1,4,3,3,0.9194764274530414
2021_1,4,3,4,0.031356908632059345
2021_1,4,4,1,0.08459571233041606
2021_1,4,4,2,0.09993585929240531
2021_1,4,4,3,0.06712468743278172
2021_1,4,4,4,0.7483437409443969
2021_2,4,1,1,0.9736549579829084
2021_2,4,1,2,0.013778818834014217
2021_2,4,1,3,0.005771939628091843
2021_2,4,1,4,0.006794283554985583
2021_2,4,2,1,0.06355110440178424
2021_2,4,2,2,0.8984350816315698
2021_2,4,2,3,0.02143955519654748
2021_2,4,2,4,0.016574258770098466
2021_2,4,3,1,0.03903090417759588
2021_2,4,3,2,0.017575260244775615
2021_2,4,3,3,0.9114799719779184
2021_2,4,3,4,0.031913863599710095
2021_2,4,4,1,0.046712155520382576
2021_2,4,4,2,0.06446018477557991
2021_2,4,4,3,0.09725804327028524
2021_2,4,4,4,0.7915696164337522
2021_3,4,1,1,NA
2021_3,4,1,2,NA
2021_3,4,1,3,NA
2021_3,4,1,4,NA
2021_3,4,2,1,NA
2021_3,4,2,2,NA
2021_3,4,2,3,NA
2021_3,4,2,4,NA
2021_3,4,3,1,NA
2021_3,4,3,2,NA
2021_3,4,3,3,NA
2021_3,4,3,4,NA
2021_3,4,4,1,NA
2021_3,4,4,2,NA
2021_3,4,4,3,NA
2021_3,4,4,4,NA
